molecule_chembl_id,IC50,units,smiles,pIC50,molecular_weight,n_hba,n_hbd,logp,ro5_fulfilled
CHEMBL388978,0.298,nM,CN[C@@H]1C[C@H]2O[C@@](C)([C@@H]1OC)n1c3ccccc3c3c4c(c5c6ccccc6n2c5c31)C(=O)NC4,9.525783735923746,466.200490692,6,2,4.354000000000003,True
CHEMBL4635883,8.0,nM,CC(C)c1cc(Nc2nc(N3CCC[C@H](N)C3)ncc2C(N)=O)cc(C(C)C)n1,8.096910013008056,397.259008612,7,3,2.8884000000000007,True
CHEMBL4633229,22.0,nM,CC(C)(C#N)c1cc(Nc2nc(N3CCC[C@H](N)C3)ncc2C(N)=O)cc(-c2ccccc2)c1,7.657577319177793,455.243358548,7,3,3.714780000000002,True
CHEMBL4640712,26.0,nM,CC(C)(C#N)c1cc(Nc2nc(N3CCC[C@H](N)C3)ncc2C(N)=O)cc(C(C)(C)C#N)c1,7.585026652029182,446.25425758,8,3,2.848960000000001,True
CHEMBL4632457,27.0,nM,CC(C)(C)c1cc(Nc2nc(N3CCC[C@H](N)C3)ncc2C(N)=O)cc(S(C)(=O)=O)c1,7.568636235841012,446.2100098199999,8,3,1.9475999999999998,True
CHEMBL4644948,47.0,nM,NC(=O)c1cnc(N2CCC[C@H](N)C2)nc1Nc1cccc(-c2ccccc2)c1,7.327902142064282,388.20115938799995,6,3,2.9136000000000015,True
CHEMBL3914148,48.7,nM,O=C1NC(=O)/C(=C/c2cnn3c(NC4CC4)cc(-c4ccncc4)nc23)N1,7.312471038785365,361.1287227200001,7,3,1.5458999999999996,True
CHEMBL3922569,75.4,nM,N#Cc1cccc(-c2cc(NC3CC3)n3ncc(/C=C4\NC(=O)NC4=O)c3n2)c1,7.122628654130226,385.12872272000004,7,3,2.0225799999999996,True
CHEMBL3933287,75.4,nM,O=C1NC(=O)/C(=C/c2cnn3c(NC4CC4)cc(-c4ccnc(F)c4)nc23)N1,7.122628654130226,379.11930090800007,7,3,1.6849999999999998,True
CHEMBL4640492,96.0,nM,CC(C)(C#N)c1cccc(Nc2nc(N3CCC[C@H](N)C3)ncc2C(N)=O)c1,7.017728766960431,379.21205842,7,3,2.0477799999999995,True
CHEMBL4640445,101.0,nM,CS(=O)(=O)c1cccc(Nc2nc(N3CCC[C@H](N)C3)ncc2C(N)=O)c1,6.995678626217357,390.14740956400004,8,3,0.650100000000001,True
CHEMBL4634851,115.0,nM,CC(C)c1cc(Nc2nc(N3CCC[C@H](N)C3)ncc2C(N)=O)cc(C(C)C)c1,6.939302159646388,396.26375964399995,6,3,3.493400000000001,True
CHEMBL1835063,179.0,nM,NC(=O)c1cnc(N2CCC[C@H](N)C2)nc1Nc1cccc(C(F)(F)F)c1,6.747146969020107,380.157243888,6,3,2.2654000000000005,True
CHEMBL3928114,197.8,nM,NCc1cccc(-c2cc(NC3CC3)n3ncc(/C=C4\SC(=O)NC4=O)c3n2)c1,6.70377371273884,406.121194816,8,3,2.7532000000000005,True
CHEMBL3981518,209.0,nM,O=C1NC(=O)/C(=C/c2cnn3c([S+]([O-])Cc4ccccc4)cc(-c4cccc(Cl)c4)nc23)N1,6.679853713888946,477.0662380520001,6,2,3.5378000000000016,True
CHEMBL3954706,217.6,nM,O=C1NC(=O)/C(=C/c2cnn3c(NC4CC4)cc(-c4ccnc(F)c4)nc23)S1,6.662341108973857,396.08047287600004,8,2,2.8286000000000007,True
CHEMBL3976484,253.2,nM,N[C@H]1CC[C@H](Nc2cc(NC3CC3)n3ncc(/C=C4\NC(=O)NC4=O)c3n2)CC1,6.596536298654683,396.202222008,8,5,1.165699999999999,True
CHEMBL3978501,256.2,nM,O=C1NC(=O)/C(=C/c2cnn3c(NC4CC4)cc(-c4cccc(OCC5CC5)c4)nc23)N1,6.591420874591332,430.175338564,7,3,2.939700000000001,True
CHEMBL3910845,256.2,nM,CN(C)c1ccc(-c2cc(NC3CC3)n3ncc(/C=C4\NC(=O)NC4=O)c3n2)cn1,6.591420874591332,404.17092188000004,8,3,1.6118999999999997,True
CHEMBL4632574,277.0,nM,CC(C)(C)c1cccc(Nc2nc(N3CCC[C@H](N)C3)ncc2C(N)=O)c1,6.557520230935552,368.232459516,6,3,2.5440999999999994,True
CHEMBL3893330,284.1,nM,O=C1NC(=O)/C(=C/c2cnn3c(NCC4CC4)cc(NN4CCOCC4)nc23)N1,6.546528766277064,398.18148656400007,9,4,0.3906000000000001,True
CHEMBL4568087,290.0,nM,Cn1cc(-c2cnc3c(-c4csc(C(=O)N[C@@H]5CCCC[C@@H]5N)c4)cnn3c2)cn1,6.537602002101044,421.1684793560001,8,2,2.8580000000000005,True
CHEMBL3927192,291.3,nM,O=C1NC(=O)/C(=C/c2cnn3c(SCc4ccccc4)cc(-c4cccc(Cl)c4)nc23)N1,6.535659515372332,461.07132343200004,6,2,4.522300000000003,True
CHEMBL3954928,296.8,nM,O=C1NC(=O)/C(=C/c2cnn3c([S+]([O-])Cc4ccccc4)cc(Nc4cccc(Cl)c4)nc23)N1,6.527536103393011,492.0771370840001,7,3,3.6144000000000016,True
CHEMBL3955320,313.9,nM,C[C@H](Nc1nc(NC2CC2)n2ncc(/C=C3\NC(=O)NC3=O)c2n1)c1ccc(C(F)(F)F)cc1,6.503208684299958,472.158306508,8,4,3.070800000000001,True
CHEMBL3917668,316.5,nM,CC(O)CNc1cc(Nc2cccc(Cl)c2)nc2c(/C=C3\NC(=O)NC3=O)cnn12,6.499626285646626,427.11596511600004,8,5,2.0992999999999995,True
CHEMBL3947068,342.6,nM,O=C1NC(=O)/C(=C/c2cnn3c(NC4CCCC4)cc(Nc4cccc(Cl)c4)nc23)N1,6.465212641370508,437.13670056000007,7,4,3.661100000000001,True
CHEMBL3977510,359.0,nM,O=C1NC(=O)/C(=C/c2cnn3c(NC4CC4)cc(N4CCC(F)(F)CC4)nc23)N1,6.44490555142168,403.1568292880001,7,3,1.7193999999999998,True
CHEMBL2012519,388.2,nM,COc1cc(O)c2c(c1)CCC[C@H](O)[C@H](O)C(=O)/C=C\C[C@H](C)OC2=O,6.4109444689476565,364.152203108,7,3,1.5195999999999998,True
CHEMBL4648967,399.0,nM,CC(C)(C)c1cc(Nc2nc(N3CCC[C@H](N)C3)ncc2C(N)=O)cc(C(C)(C)C)c1,6.399027104313252,424.29505977199995,6,3,3.8416000000000015,True
CHEMBL3940234,421.1,nM,O=C1NC(=O)/C(=C/c2cnn3c(NCc4ccccn4)cc(Nc4cccc(Cl)c4)nc23)N1,6.375614758579735,460.1162994640001,8,4,3.3137000000000008,True
CHEMBL4639597,455.0,nM,NC(=O)c1cnc(N2CCC[C@H](N)C2)nc1Nc1cc(C(F)(F)F)cc(C(F)(F)F)c1,6.341988603342887,448.14462851599995,6,3,3.284200000000001,True
CHEMBL471901,456.0,nM,NCCNc1ncc(C(N)=O)c(Nc2cccc(C(F)(F)F)c2)n1,6.341035157335565,340.12594376000004,6,4,1.7085000000000001,True
CHEMBL3976346,469.0,nM,CCOCCNc1cc(Nc2cccc(Cl)c2)nc2c(/C=C3\NC(=O)NC3=O)cnn12,6.328827157284916,441.13161518000004,8,4,2.755,True
CHEMBL3889467,474.7,nM,O=C1NC(=O)/C(=C/c2cnn3c(NCCO)cc(Nc4cccc(Cl)c4)nc23)N1,6.32358076828164,413.10031505200004,8,5,1.7107999999999999,True
CHEMBL3984084,476.0,nM,CC(=O)NC1CCC(Nc2cc(NC3CC3)n3ncc(/C=C4\NC(=O)NC4=O)c3n2)CC1,6.3223930472795065,438.212786692,8,5,1.3431000000000002,True
CHEMBL3920670,476.0,nM,CS(=O)(=O)N[C@H]1CC[C@H](Nc2cc(NC3CC3)n3ncc(/C=C4\NC(=O)NC4=O)c3n2)CC1,6.3223930472795065,474.179772312,9,5,0.7562000000000008,True
CHEMBL4644912,485.0,nM,NC(=O)c1cnc(N2CCCC(N)C2)nc1Nc1cccc(C(F)(F)F)c1,6.314258261397736,380.157243888,6,3,2.2654000000000005,True
CHEMBL3930582,508.7,nM,O=C1NC(=O)/C(=C/c2cnn3c(NCC4CC4)cc(Nc4cccc(Cl)c4)nc23)N1,6.293538262368646,423.12105049600007,7,4,3.1285000000000007,True
CHEMBL4108016,514.9,nM,C[C@@H](Nc1cc(Nc2cccc(Cl)c2)nc2c(/C=C3\NC(=O)NC3=O)cnn12)C1CC1,6.288277108172766,437.13670056,7,4,3.5170000000000012,True
CHEMBL3897318,548.0,nM,O=C1NC(=O)/C(=C/c2cnn3c(NC4CC4)cc(-c4csc(C(=O)NC5CC5)c4)nc23)N1,6.261219441515631,449.12700846800004,8,4,2.1046,True
CHEMBL4112371,608.4,nM,N[C@@H]1CCN(C(=O)c2cc(-c3cc(NC4CC4)n4ncc(/C=C5\NC(=O)NC5=O)c4n3)cs2)C1,6.215810794619039,478.153557564,9,4,1.385599999999999,True
CHEMBL3921643,613.5,nM,O=C1NC(=O)/C(=C/c2cnn3c(NC4CC4)cc(-c4cccc(O)c4)nc23)N1,6.212185432936977,376.128388372,7,4,1.8564999999999998,True
CHEMBL3909908,649.2,nM,CS(=O)(=O)c1cccc(-c2cc(NC3CC3)n3ncc(/C=C4\NC(=O)NC4=O)c3n2)c1,6.187621488845806,438.111024056,8,3,1.5544,True
CHEMBL3963062,649.2,nM,O=C1NC(=O)/C(=C/c2cnn3c(NC4CC4)cc(-c4cccc(CO)c4)nc23)N1,6.187621488845806,390.144038436,7,4,1.6431999999999998,True
CHEMBL3957320,654.0,nM,CN1CCCC1CCNC(=O)c1cc(-c2cc(NC3CC3)n3ncc(/C=C4\NC(=O)NC4=O)c3n2)cs1,6.184422251675732,520.2005077560001,9,4,2.4265,True
CHEMBL3957145,679.1,nM,CN(C)C(=O)N[C@H]1CC[C@H](Nc2cc(NC3CC3)n3ncc(/C=C4\NC(=O)NC4=O)c3n2)CC1,6.168066269533254,467.23933578800006,8,5,1.4782000000000002,True
CHEMBL3926144,679.1,nM,COC(=O)N[C@H]1CC[C@H](Nc2cc(NC3CC3)n3ncc(/C=C4\NC(=O)NC4=O)c3n2)CC1,6.168066269533254,454.20770131200004,9,5,1.562999999999999,True
CHEMBL3947780,700.8,nM,O=C1NC(=O)/C(=C/c2cnn3c(NC4CCNC4)cc(Nc4cccc(Cl)c4)nc23)N1,6.154405906839976,438.1319495280001,8,5,2.0803999999999996,True
CHEMBL3912234,704.1,nM,O=C1NC(=O)/C(=C/c2cnn3c(NCc4cccnc4)cc(Nc4cccc(Cl)c4)nc23)N1,6.152365655681745,460.1162994640001,8,4,3.3137000000000008,True
CHEMBL4112180,707.6,nM,O=C1NC(=O)/C(=C/c2cnn3c(NC4CC4)cc(N4CC[C@@H](F)C4)nc23)N1,6.150212175762315,371.15060103600007,7,3,1.0320999999999996,True
CHEMBL3935654,713.7,nM,O=C1NC(=O)/C(=C/c2cnn3c(NC4CC4)cc(-c4ccc(C(=O)N5CC(F)C5)s4)nc23)N1,6.146484303243071,467.117586656,8,3,2.0063,True
CHEMBL3912472,765.9,nM,C[C@H](Nc1cc(NC2CC2)n2ncc(/C=C3\NC(=O)NC3=O)c2n1)C1CC1,6.115827930476087,367.17567291200004,7,4,1.6942999999999995,True
CHEMBL3919262,793.9,nM,CN1CCC(NC(=O)c2ccc(-c3cc(NC4CC4)n4ncc(/C=C5\NC(=O)NC5=O)c4n3)s2)CC1,6.100234198055614,506.184857692,9,4,2.036399999999999,True
CHEMBL3929991,810.6,nM,CN(C)C1CCN(Cc2ccc(-c3cc(NC4CC4)n4ncc(/C=C5\NC(=O)NC5=O)c4n3)s2)C1,6.091193400594326,492.20559313600006,9,3,2.3483,True
CHEMBL3949243,810.6,nM,CCN(CC)CCCC(C)NC(=O)c1ccc(-c2cc(NC3CC3)n3ncc(/C=C4\NC(=O)NC4=O)c3n2)s1,6.091193400594326,550.2474579480001,9,4,3.452700000000001,True
CHEMBL3896234,813.3,nM,CN(C)CC(C)(C)CNC(=O)c1cc(-c2cc(NC3CC3)n3ncc(/C=C4\NC(=O)NC4=O)c3n2)cs1,6.089749227699852,522.2161578200001,9,4,2.5299999999999994,True
CHEMBL3894505,815.2,nM,COc1cccc(-c2cc(NC3CC3)n3ncc(/C=C4\SC(=O)NC4=O)c3n2)c1,6.08873582900163,407.105210404,8,2,3.3031000000000006,True
CHEMBL3953595,845.3,nM,O=Cc1cnn2c(NC3CC3)cc(NC3CCCC3)nc12,6.0729891310243485,285.158960228,6,2,2.4706,True
CHEMBL4642539,851.0,nM,CN(CCN)c1ncc(C(N)=O)c(Nc2cccc(C(F)(F)F)c2)n1,6.070070439915412,354.14159382400004,6,3,1.7327999999999995,True
CHEMBL3894469,867.0,nM,CN(C)c1ccc(-c2cc(NC3CC3)n3ncc(/C=C4\NC(=O)NC4=O)c3n2)cc1,6.061980902523789,403.17567291200004,7,3,2.2169,True
CHEMBL3894819,867.0,nM,O=C1NC(=O)/C(=C/c2cnn3c(NC4CC4)cc(-c4cccc(NS(=O)(=O)C5CC5)c4)nc23)N1,6.061980902523789,479.1375731520001,8,4,2.0549999999999997,True
CHEMBL3896470,875.9,nM,CN(C)c1cc(NC2CC2)n2ncc(/C=C3\SC(=O)NC3=O)c2n1,6.057545473657523,344.105544752,8,2,1.6934999999999998,True
CHEMBL3947407,877.1,nM,O=C1NC(=O)/C(=C/c2cnn3c(NC4CC4)cc(NC4CCNCC4)nc23)N1,6.056950888991594,382.1865719440001,8,5,0.6477999999999996,True
CHEMBL3929751,888.0,nM,C[C@@H]1CN(C(=O)c2cc(-c3cc(NC4CC4)n4ncc(/C=C5\NC(=O)NC5=O)c4n3)cs2)C[C@H](C)N1,6.051587034221399,506.18485769200004,9,4,2.0347999999999997,True
CHEMBL3894485,890.8,nM,O=C1NC(=O)/C(=C/c2cnn3c(NC4CC4)cc(-c4cccc(OC(F)(F)F)c4)nc23)N1,6.050219791638,444.11577300000005,7,3,3.0495,True
CHEMBL3976827,982.0,nM,O=C1NC(=O)/C(=C/c2cnn3c(NC4CC4)cc(-c4csc(C(=O)NCCN5CCCC5)c4)nc23)N1,6.00788851221305,506.18485769200004,9,4,2.038,True
CHEMBL3982380,997.8,nM,O=C1NC(=O)/C(=C/c2cnn3c(NC4CC4)cc(NCC4CC4)nc23)N1,6.000956500396837,353.1600228480001,7,4,1.3057999999999994,True
CHEMBL4520531,1000.0,nM,O=C(O)c1ccc(Nc2nc(-c3ccc4ccccc4c3)cs2)cc1O,6.0,362.072513308,5,3,5.110700000000002,True
CHEMBL3933273,1009.1,nM,CNC(=O)c1ccc(-c2cc(NC3CC3)n3ncc(/C=C4\NC(=O)NC4=O)c3n2)s1,5.996065793826292,423.11135840400004,8,4,1.5719999999999996,True
CHEMBL3904803,1120.5,nM,O=C1NC(=O)/C(=C/c2cnn3c(NC4CC4)nc(NC4CCCC4)nc23)N1,5.95058813912892,368.17092188000004,8,4,1.2333999999999992,True
CHEMBL3983802,1121.3,nM,O=C1NC(=O)/C(=C/c2cnn3c(NCC4(CO)CCCC4)cc(Nc4cccc(Cl)c4)nc23)N1,5.950278177847565,481.16291530800004,8,5,3.2712000000000003,True
CHEMBL3942253,1133.6,nM,N#Cc1ccc(-c2cc(NC3CC3)n3ncc(/C=C4\NC(=O)NC4=O)c3n2)s1,5.945540162760596,391.085143656,8,3,2.0840799999999997,True
CHEMBL3935481,1177.9,nM,Nc1cc(Nc2cccc(Cl)c2)nc2c(/C=C3\NC(=O)NC3=O)cnn12,5.92889157821755,369.074100304,7,4,1.8887999999999996,True
CHEMBL3978900,1190.3,nM,O=C1NC(=O)/C(=C/c2cnn3c(NC4CC4)nc(Oc4cccc(Cl)c4)nc23)N1,5.924343566402066,411.08466498800004,8,3,2.3245999999999993,True
CHEMBL3971456,1234.8,nM,O=C1NC(=O)/C(=C/c2cnn3c(Nc4cccc(C(=O)N5CCNCC5)c4)cc(Nc4cccc(Cl)c4)nc23)N1,5.908403379189942,557.169063308,9,5,3.0956,True
CHEMBL3924427,1243.4,nM,CC1CN(C(=O)c2ccc(-c3cc(NC4CC4)n4ncc(/C=C5\NC(=O)NC5=O)c4n3)s2)CC(C)N1,5.905389136967862,506.18485769200004,9,4,2.0347999999999997,True
CHEMBL3904088,1249.7,nM,O=C1NC(=O)/C(=C/c2cnn3c(NC4CC4)cc(-c4ccc(O)cc4)nc23)N1,5.903194230177283,376.128388372,7,4,1.8564999999999998,True
CHEMBL3950759,1250.0,nM,O=C1NC(=O)/C(=C/c2cnn3c(NC4CC4)nc(N4CCOCC4)nc23)N1,5.903089986991944,370.150186436,9,3,-0.2844999999999997,True
CHEMBL3985351,1260.4,nM,O=C1NC(=O)/C(=C/c2cnn3c(NC4CC4)cc(-c4ccc(C(=O)NC5CCNC5)s4)nc23)N1,5.899491605498038,478.1535575640001,9,5,1.3040999999999994,True
CHEMBL3908575,1287.6,nM,C[C@H](Nc1cc(Nc2cccc(Cl)c2)nc2c(/C=C3\NC(=O)NC3=O)cnn12)C1CC1,5.890219031986424,437.13670056,7,4,3.5170000000000012,True
CHEMBL3902320,1298.4,nM,O=C1NC(=O)/C(=C/c2cnn3c(NC4CC4)cc(NN4CCOCC4)nc23)N1,5.886591493181824,384.1658365,9,4,0.1430000000000003,True
CHEMBL3940271,1300.0,nM,O=C1NC(=O)/C(=C/c2cnn3c(NC4CC4)cc(Nc4cccc(Cl)c4)nc23)N1,5.886056647693163,409.10540043200007,7,4,2.8808999999999996,True
CHEMBL3930168,1304.0,nM,C[C@H](Nc1nc(NC2CC2)n2ncc(/C=C3\NC(=O)NC3=O)c2n1)C1CC1,5.884722408604098,368.17092188,8,4,1.0892999999999993,True
CHEMBL3904250,1306.4,nM,CSc1nc(NC2CC2)n2ncc(/C=C3\NC(=O)NC3=O)c2n1,5.883923828271389,331.085143656,8,3,0.6007999999999999,True
CHEMBL3900824,1308.2,nM,COc1cccc(-c2cc(NC3CC3)n3ncc(/C=C4\NC(=O)NC4=O)c3n2)c1,5.8833258552040535,390.144038436,7,3,2.1594999999999995,True
CHEMBL3891598,1308.2,nM,O=C1NC(=O)/C(=C/c2cnn3c(NC4CC4)cc(-c4cccc(F)c4)nc23)N1,5.8833258552040535,378.1240519400001,6,3,2.29,True
CHEMBL3953645,1334.5,nM,O=C1NC(=O)/C(=C/c2cnn3c(NCc4ccncc4)cc(Nc4cccc(Cl)c4)nc23)N1,5.874681421876474,460.1162994640001,8,4,3.3137000000000008,True
CHEMBL4640950,1350.0,nM,NC(=O)c1cnc(N2CCC[C@@H](N)C2)nc1Nc1cccc(C(F)(F)F)c1,5.8696662315049934,380.157243888,6,3,2.2654000000000005,True
CHEMBL3973503,1365.2,nM,CN1CCC(Nc2cc(NC3CC3)n3ncc(/C=C4\NC(=O)NC4=O)c3n2)CC1,5.864803720393399,396.202222008,8,4,0.9899999999999999,True
CHEMBL3960014,1365.3,nM,CON(C)C(=O)c1ccc(-c2cc(NC3CC3)n3ncc(/C=C4\NC(=O)NC4=O)c3n2)s1,5.864771909773944,453.1219230880001,9,3,1.8457999999999999,True
CHEMBL3912390,1393.4,nM,O=C1NC(=O)/C(=C/c2cnn3c(NC4CC4)cc(N4CCOCC4)nc23)S1,5.8559241938014495,386.11610943600004,9,2,1.4640999999999997,True
CHEMBL3982318,1432.7,nM,CCN(CC)c1cc(NC2CC2)n2ncc(/C=C3\SC(=O)NC3=O)c2n1,5.843844739110313,372.13684488,8,2,2.4737,True
CHEMBL3921343,1437.9,nM,CN1CCC(N(C)c2cc(NC3CC3)n3ncc(/C=C4\SC(=O)NC4=O)c3n2)C1,5.842271316288549,413.163393976,9,2,1.7677999999999994,True
CHEMBL3896971,1439.6,nM,COCC1CCCCN1C(=O)c1ccc(-c2cc(NC3CC3)n3ncc(/C=C4\NC(=O)NC4=O)c3n2)s1,5.841758162019127,521.184523344,9,3,2.8535000000000004,True
CHEMBL3957383,1444.6,nM,CN(C)C1CCN(C(=O)c2cccc(Nc3cc(Nc4cccc(Cl)c4)nc4c(/C=C5\NC(=O)NC5=O)cnn34)c2)C1,5.840252389475728,585.200363436,9,4,3.8263000000000016,True
CHEMBL3903070,1445.1,nM,O=C1NC(=O)/C(=C/c2cnn3c(NC4CC4)cc(-c4csc(CNC5CCCC5)c4)nc23)N1,5.840102098965904,463.17904404000006,8,4,3.244600000000001,True
CHEMBL3919649,1474.8,nM,O=C1NC(=O)/C(=C/c2cnn3c(NC4CC4)cc(-c4cccc(OCC5=NCCN5)c4)nc23)N1,5.831266871065921,458.18148656400007,9,4,1.5313999999999997,True
CHEMBL3958136,1474.8,nM,NC(=O)c1cccc(-c2cc(NC3CC3)n3ncc(/C=C4\NC(=O)NC4=O)c3n2)c1,5.831266871065921,403.1392874040001,7,4,1.2497999999999994,True
CHEMBL3984790,1546.4,nM,O=C1NC(=O)/C(=C/c2cnn3c(NC4CC4)nc(NCCCN4CCOCC4)nc23)N1,5.810678158979504,427.20803566000006,10,4,0.013100000000001055,True
CHEMBL3905820,1572.2,nM,CC1CN(Cc2cc(-c3cc(NC4CC4)n4ncc(/C=C5\NC(=O)NC5=O)c4n3)cs2)CC(C)O1,5.803492208060304,493.189608724,9,3,2.821600000000001,True
CHEMBL3949438,1590.8,nM,O=C1NC(=S)S/C1=C\c1cnn2c(NC3CC3)cc(-c3ccnc(F)c3)nc12,5.798384417686057,412.05762925600004,8,2,2.993500000000001,True
CHEMBL4113306,1628.1,nM,N[C@@H]1CCCC[C@H]1Nc1nc(NC2CC2)n2ncc(/C=C3\NC(=O)NC3=O)c2n1,5.788318923700862,397.19747097600003,9,5,0.5607000000000003,True
CHEMBL3908590,1643.8,nM,CC(C)CNc1cc(NC2CC2)n2ncc(/C=C3\SC(=O)NC3=O)c2n1,5.784151023888546,372.13684488,8,3,2.6954000000000002,True
CHEMBL3971258,1655.8,nM,O=C1NC(=O)/C(=C/c2cnn3c(NC4CC4)nc(NCCC(F)(F)F)nc23)N1,5.780992121743111,396.12700638000007,8,4,1.2431999999999994,True
CHEMBL3911988,1724.5,nM,NC(=O)C1CN(C(=O)c2ccc(-c3cc(NC4CC4)n4ncc(/C=C5\NC(=O)NC5=O)c4n3)s2)CCN1,5.763336801296591,521.1593712160001,10,5,0.11170000000000019,True
CHEMBL3892195,1727.1,nM,CC(=O)c1cccc(-c2cc(NC3CC3)n3ncc(/C=C4\NC(=O)NC4=O)c3n2)c1,5.762682515825204,402.144038436,7,3,2.3535000000000004,True
CHEMBL3949441,1727.1,nM,CC(=O)NCc1cccc(-c2cc(NC3CC3)n3ncc(/C=C4\NC(=O)NC4=O)c3n2)c1,5.762682515825204,431.17058753200007,7,4,1.7869999999999995,True
CHEMBL3904199,1769.5,nM,O=C1NC(=O)/C(=C/c2cnn3c(NC4CC4)nc(Nc4cc(F)cc(F)c4)nc23)N1,5.752149433026466,412.12077812800004,8,4,1.9006999999999994,True
CHEMBL3960821,1775.8,nM,O=C1NC(=O)/C(=C/c2cnn3c(NC4CC4)cc(-c4ccc(C(=O)N5CCCC5)s4)nc23)N1,5.7506059483476495,463.14265853200004,8,3,2.4484000000000004,True
CHEMBL3970280,1820.0,nM,O=C1NC(=O)/C(=C/c2cnn3c(NC4CC4)cc(N4CCN(c5ccccn5)CC4)nc23)S1,5.739928612014925,462.15864294400006,10,2,2.3491,True
CHEMBL3926092,1845.6,nM,CCN1CCCC1CNc1cc(NC2CC2)n2ncc(/C=C3\SC(=O)NC3=O)c2n1,5.733862418486963,427.17904404,9,3,2.5237,True
CHEMBL4110296,1862.9,nM,O=C1NC(=O)/C(=C/c2cnn3c(NC4CC4)nc(N4CC[C@@H](O)C4)nc23)N1,5.729810457295819,370.150186436,9,4,-0.5501,True
CHEMBL3893056,1872.0,nM,O=C1NC(=O)/C(=C/c2cnn3c(NC4CC4)cc(-c4ccc(C(=O)NCCC(F)(F)F)s4)nc23)N1,5.727694155597914,505.114393096,8,4,2.8946000000000005,True
CHEMBL3971993,1878.1,nM,CN(C)CCCNC(=O)c1cc(-c2cc(NC3CC3)n3ncc(/C=C4\NC(=O)NC4=O)c3n2)cs1,5.726281287313804,494.184857692,9,4,1.8938999999999997,True
CHEMBL3930352,1884.0,nM,NC1CCN(c2nc(NC3CC3)n3ncc(/C=C4\NC(=O)NC4=O)c3n2)C1,5.724919101543142,369.16617084800004,9,4,-0.5836999999999988,True
CHEMBL3974348,1894.4,nM,COCCNCc1ccc(-c2cc(NC3CC3)n3ncc(/C=C4\NC(=O)NC4=O)c3n2)s1,5.722528314957174,453.15830859600004,9,4,1.9483999999999995,True
CHEMBL3935665,1939.1,nM,CC(C)Nc1nc(NC2CC2)n2ncc(/C=C3\NC(=O)NC3=O)c2n1,5.712399793640049,342.155271816,8,4,0.6991999999999995,True
CHEMBL4106943,1952.0,nM,C[C@@H](Nc1cc(NC2CC2)n2ncc(/C=C3\NC(=O)NC3=O)c2n1)C1CC1,5.709520186669327,367.17567291200004,7,4,1.6942999999999995,True
CHEMBL3943317,1954.7,nM,CN1CCC(NC(=O)c2cc(-c3cc(NC4CC4)n4ncc(/C=C5\NC(=O)NC5=O)c4n3)cs2)CC1,5.7089198870364735,506.184857692,9,4,2.0363999999999995,True
CHEMBL3947317,1970.6,nM,O=C1NC(=O)/C(=C/c2cnn3c(NC4CC4)cc(Nc4cc(F)cc(F)c4)nc23)N1,5.705401521546291,411.1255291600001,7,4,2.5057,True
CHEMBL3938750,1984.8,nM,CN(C)C(=O)c1cc(-c2cc(NC3CC3)n3ncc(/C=C4\NC(=O)NC4=O)c3n2)cs1,5.702283248735848,437.12700846800004,8,3,1.9141999999999997,True
CHEMBL1230165,2000.0,nM,O=C(O)c1ccc2c(c1)nc(Nc1cccc(Cl)c1)c1ccncc12,5.698970004336019,349.061804304,4,2,4.878200000000002,True
CHEMBL3945278,2019.3,nM,CC(C)(C)OC(=O)N1CCN(C(=O)c2cccc(Nc3cc(Nc4cccc(Cl)c4)nc4c(/C=C5\NC(=O)NC5=O)cnn34)c2)CC1,5.694799154723592,657.221492804,10,4,4.743100000000002,True
CHEMBL3891189,2026.0,nM,N#CC1CC1C(=O)N1CCN(c2cc(NC3CC3)n3ncc(/C=C4\NC(=O)NC4=O)c3n2)CC1,5.693360558975739,461.19238559600007,9,3,0.29218000000000066,True
CHEMBL3969132,2041.0,nM,O=C1NC(=O)/C(=C/c2cnn3c(NC4CC4)cc(Nc4ccc(F)c(Cl)c4)nc23)N1,5.69015699528393,427.0959786200001,7,4,3.0200000000000005,True
CHEMBL3960545,2044.1,nM,CN1CCN(C(=O)c2ccc(-c3cc(NC4CC4)n4ncc(/C=C5\NC(=O)NC5=O)c4n3)s2)CC1,5.689497861773205,492.169207628,9,3,1.5999999999999994,True
CHEMBL3954025,2046.1,nM,CN1CCCN(c2cc(NC3CC3)n3ncc(/C=C4\SC(=O)NC4=O)c3n2)CC1,5.689073144628306,413.163393976,9,2,1.7693999999999994,True
CHEMBL3970764,2078.1,nM,O=C1NC(=O)/C(=C/c2cnn3c(NC4CC4)nc(NC4CCNCC4)nc23)N1,5.682333557643499,383.1818209120001,9,5,0.04279999999999978,True
CHEMBL3916675,2084.0,nM,CNc1cc(-c2cccc(CNC(C)=O)c2)nc2c(/C=C3\NC(=O)NC3=O)cnn12,5.681102285372513,405.15493746800007,7,4,1.2543999999999997,True
CHEMBL3948953,2084.0,nM,O=C1NC(=O)/C(=C/c2cnn3c(NC4CC4)cc(-c4cccnc4)nc23)N1,5.681102285372513,361.1287227200001,7,3,1.5458999999999996,True
CHEMBL3890154,2132.1,nM,CC(C)N(C)C(=O)c1ccc(-c2cc(NC3CC3)n3ncc(/C=C4\NC(=O)NC4=O)c3n2)s1,5.671192429837911,465.15830859600004,8,3,2.6928,True
CHEMBL3913352,2168.5,nM,CN1CCN(Cc2cccc(-c3cc(NC4CC4)n4ncc(/C=C5\NC(=O)NC5=O)c4n3)c2)CC1,5.66384057351522,472.233522136,8,3,1.8982999999999994,True
CHEMBL3927967,2168.5,nM,O=C1NC(=O)/C(=C/c2cnn3c(NC4CC4)cc(-c4cccc(OCCCO)c4)nc23)N1,5.66384057351522,434.170253184,8,4,1.9120999999999995,True
CHEMBL3954260,2190.5,nM,O=C1NC(=O)/C(=C/c2cnn3c(NCCN4CCOCC4)cc(Nc4cccc(Cl)c4)nc23)N1,5.659456742485806,482.1581642760001,9,4,2.0506999999999995,True
CHEMBL3917705,2200.2,nM,O=C1NC(=O)/C(=C/c2cnn3c(NC4CC4)cc(Nc4cccc(F)c4)nc23)N1,5.657537839655754,393.13495097200007,7,4,2.3666,True
CHEMBL3954481,2204.6,nM,CC(C)CN1CCC(Nc2cc(Nc3cccc(Cl)c3)nc3c(/C=C4\NC(=O)NC4=O)cnn23)CC1,5.656670196922393,508.21019984800006,8,4,3.8389000000000006,True
CHEMBL3966714,2214.4,nM,Cc1cc(COc2cccc(-c3cc(NC4CC4)n4ncc(/C=C5\NC(=O)NC5=O)c4n3)c2)no1,5.654743927223336,471.16550215200004,9,3,3.02632,True
CHEMBL3928053,2214.4,nM,CN(C)CCCOc1cccc(-c2cc(NC3CC3)n3ncc(/C=C4\NC(=O)NC4=O)c3n2)c1,5.654743927223336,461.21753772400007,8,3,2.4814,True
CHEMBL3932791,2244.9,nM,O=C1NC(=O)/C(=C/c2cnn3c(SCc4ccccc4)cc(Nc4cccc(Cl)c4)nc23)N1,5.648803000057303,476.0822224640001,7,3,4.598900000000002,True
CHEMBL3965468,2334.4,nM,O=C1NC(=O)/C(=C/c2cnn3c(NC4CC4)nc(Nc4cccc(CN5CCCC5)c4)nc23)N1,5.631824725450624,459.2131210400001,9,4,2.2182999999999993,True
CHEMBL3962682,2382.0,nM,O=C1NC(=O)/C(=C/c2cnn3c(NC4CC4)cc(-c4csc(C(=O)O)c4)nc23)N1,5.623058242853242,410.07972392799996,8,4,1.9105999999999999,True
CHEMBL3950281,2403.2,nM,CS(=O)(=O)Nc1cccc(-c2cc(NC3CC3)n3ncc(/C=C4\NC(=O)NC4=O)c3n2)c1,5.619210084675926,453.1219230880001,8,4,1.5223999999999993,True
CHEMBL3917549,2405.8,nM,NCc1ccc(Nc2nc(NC3CC3)n3ncc(/C=C4\NC(=O)NC4=O)c3n2)cc1,5.618740479451152,405.16617084800004,9,5,1.0811999999999995,True
CHEMBL3928659,2407.6,nM,COC(=O)CN1CCC(Nc2cc(Nc3cccc(Cl)c3)nc3c(/C=C4\NC(=O)NC4=O)cnn23)CC1,5.618415665347248,524.1687289600001,10,4,2.3559,True
CHEMBL3896788,2438.0,nM,O=C1NC(=O)/C(=C/c2cnn3c(NC4CC4)nc(NCC(F)F)nc23)N1,5.612966298717637,364.12077812800004,8,4,0.5558999999999995,True
CHEMBL3978531,2449.1,nM,O=C1NC(=O)/C(=C/c2cnn3c(NC4CCNCC4)cc(Nc4cccc(Cl)c4)nc23)N1,5.610993481693768,452.1475995920001,8,5,2.4704999999999995,True
CHEMBL3933040,2479.9,nM,O=C1NC(=O)/C(=C/c2cnn3c(NC4CC4)cc(Nc4cccc(C(F)(F)F)c4)nc23)N1,5.605565831401126,443.13175741200007,7,4,3.2463000000000006,True
CHEMBL2006765,2480.0,nM,CCCNC(=O)c1ccc(Nc2nc(NCC(F)(F)F)c3cc[nH]c3n2)cc1,5.605548319173783,392.1572438880001,5,4,3.815500000000001,True
CHEMBL3974287,2891.0,nM,O=C1NC(=O)/C(=C/c2cnn3c(NC4CC4)cc(NC(=O)c4cccc(Cl)c4F)nc23)N1,5.538951908329342,455.09089324000007,7,4,2.5286999999999997,True
CHEMBL4795714,3000.0,nM,CCCCCn1cc(-c2ccccc2OCc2ccccc2)nc1N.Cl,5.522878745280337,371.17644013200004,4,1,5.323300000000005,True
CHEMBL4552628,3300.0,nM,Cc1sc(C(=O)N[C@@H]2[C@H](N)CCCC2(F)F)cc1-c1cnn2cc(Cl)cnc12,5.481486060122112,425.08886531600007,6,2,3.664520000000002,True
CHEMBL4632887,3490.0,nM,CNCCN(C)c1ncc(C(N)=O)c(Nc2cccc(C(F)(F)F)c2)n1,5.45717457304082,368.15724388800004,6,3,1.9934999999999996,True
CHEMBL3965648,3668.0,nM,O=C1NC(=O)/C(=C/c2cnn3c(NC4CC4)cc(N4CCN(C(=O)CC5CC5)CC4)nc23)N1,5.435570673002017,450.21278669200007,8,3,0.9325999999999997,True
CHEMBL3964004,3745.0,nM,N#Cc1cccc(C(=O)Nc2cc(NC3CC3)n3ncc(/C=C4\NC(=O)NC4=O)c3n2)c1,5.426548177964515,428.134536372,8,4,1.6078799999999998,True
CHEMBL3911397,3824.0,nM,CC(C)(C)NC(=O)Nc1cc(NC2CC2)n2ncc(/C=C3\NC(=O)NC3=O)c2n1,5.417482116395938,398.181486564,7,5,1.4038999999999997,True
CHEMBL456,4500.0,nM,C=C(CC)C(=O)c1ccc(OCC(=O)O)c(Cl)c1Cl,5.346787486224656,302.011264224,3,1,3.6057000000000023,True
CHEMBL3942463,4732.0,nM,Cc1ccccc1-c1cc(F)ccc1CNc1cc(NC2CC2)n2ncc(/C=C3\NC(=O)NC3=O)c2n1,5.324955264044107,497.19755122800007,7,4,4.210520000000002,True
CHEMBL456689,6200.0,nM,COc1cc2[nH]c3ncnc(N4CCN(C(=S)Nc5ccc(S(=O)(=O)Nc6ncccn6)cc5)CC4)c3c2cc1OC,5.207608310501746,605.162742344,10,3,3.238100000000002,True
CHEMBL3907663,6252.0,nM,O=C1NC(=O)/C(=C/c2cnn3c(NC4CC4)cc(NC(=O)c4cc(F)cc(F)c4F)nc23)N1,5.203981030652851,457.11102196800005,7,4,2.1534999999999997,True
CHEMBL3947286,6687.0,nM,Nc1cc(Nc2cc(Cl)ccc2F)nc2c(/C=C3\CC(=O)NC3=O)cnn12,5.1747686768001,386.069429524,7,3,2.2775,True
CHEMBL4458300,7000.0,nM,O=C(O)c1ccc(Nc2nc(-c3cccc(Br)c3)cs2)cc1,5.154901959985743,373.9724606920001,4,2,5.014400000000002,True
CHEMBL3948806,8709.0,nM,O=C1NC(=O)/C(=C/c2cnn3c(NC4CC4)cc(NC(=O)c4cnsc4)nc23)N1,5.060031709448664,410.0909573080001,9,4,1.1926999999999996,True
CHEMBL3884319,10000.0,nM,CC1(C)C(=O)N([C@H]2CCc3c(O)cccc32)c2nc(Nc3ccccc3)ncc21,5.0,386.174275944,5,2,4.2375000000000025,True
CHEMBL3966868,10818.0,nM,O=C1NC(=O)/C(=C/c2cnn3c(NC4CC4)cc(NC(=O)c4ccccc4F)nc23)N1,4.965853022893954,421.12986559200004,7,4,1.8752999999999997,True
CHEMBL3900076,12626.0,nM,O=C1NC(=O)/C(=C/c2cnn3c(NC4CC4)cc(NC(=O)c4cccc(C(F)(F)F)c4)nc23)N1,4.898734215008665,471.12667203200004,7,4,2.755,True
CHEMBL507249,15000.0,nM,O[C@H]1CC[C@H](c2n[nH]cc2-c2ccnc(NC3CCCC3)n2)CC1,4.823908740944319,327.20591042000007,5,3,3.239700000000002,True
CHEMBL449216,16000.0,nM,NC(=O)c1nnc2ccccc2c1N,4.795880017344075,188.069810876,4,2,0.31089999999999984,True
CHEMBL3975604,17316.0,nM,O=C1NC(=O)/C(=C/c2cnn3c(NC4CC4)cc(Nc4cccc(-n5cccn5)c4)nc23)N1,4.761552422858881,441.16617084800015,9,4,2.4132,True
CHEMBL3940616,19381.0,nM,O=C1NC(=O)/C(=C/c2cnn3c(NC4CC4)cc(NC(=O)c4cccc(F)c4)nc23)N1,4.712623818447401,421.12986559200004,7,4,1.8752999999999997,True
CHEMBL3954352,19744.0,nM,O=C1NC(=O)/C(=C/c2cnn3c(NC4CC4)nc(OCc4ccccc4Cl)nc23)N1,4.704564857646853,425.10031505200004,8,3,2.1113,True
CHEMBL4114367,19928.0,nM,C[C@@H](NC(=O)Nc1cc(NC2CC2)n2ncc(/C=C3\NC(=O)NC3=O)c2n1)C1CC1,4.70053628547155,410.181486564,7,5,1.4038999999999995,True
CHEMBL3961330,21326.0,nM,O=C1NC(=O)/C(=C/c2cnn3c(NC4CC4)cc(Nc4ccc(N5CCCCC5)cc4)nc23)N1,4.671090595128812,458.2178720720001,8,4,3.2178000000000013,True
CHEMBL3893550,23660.0,nM,O=C1NC(=O)/C(=C/c2cnn3c(NC4CC4)cc(NC(=O)c4ccc(F)cc4F)nc23)N1,4.625985259708089,439.1204437800001,7,4,2.0143999999999997,True
CHEMBL3901301,24910.0,nM,CCNC(=O)Nc1cc(NC2CC2)n2ncc(/C=C3\NC(=O)NC3=O)c2n1,4.603626272463494,370.150186436,7,5,0.6253000000000001,True
CHEMBL3948275,25886.0,nM,CC(C)(C)CC(=O)Nc1cc(NC2CC2)n2ncc(/C=C3\NC(=O)NC3=O)c2n1,4.5869350531625885,397.18623759600007,7,4,1.8585999999999994,True
CHEMBL3901300,26323.0,nM,C[C@H](Nc1cc(NC2CC2)n2ncc(/C=C3\NC(=O)NC3=O)c2n1)c1cc(Cl)ccc1F,4.579664616228338,455.12727874800004,7,4,3.4495000000000013,True
CHEMBL4112650,28144.0,nM,C[C@@H](Oc1nc(NC2CC2)n2ncc(/C=C3\NC(=O)NC3=O)c2n1)c1ccccn1,4.550614177886614,406.150186436,9,3,1.4138999999999997,True
CHEMBL3932116,28649.0,nM,CC(C)(C)OC(=O)N1CCOC(C(=O)Nc2cc(NC3CC3)n3ncc(/C=C4\NC(=O)NC4=O)c3n2)C1,4.542890532581805,512.2131806160002,10,4,1.0583000000000016,True
CHEMBL3963684,29314.0,nM,COc1cc(Cl)ccc1C(=O)Nc1cc(NC2CC2)n2ncc(/C=C3\NC(=O)NC3=O)c2n1,4.532924916484793,467.1108797360001,8,4,2.3981999999999997,True
CHEMBL3895196,31641.0,nM,COc1cccc(NC(=O)Nc2cc(NC3CC3)n3ncc(/C=C4\NC(=O)NC4=O)c3n2)c1,4.499749799269842,448.16075112000004,8,5,2.1365,True
CHEMBL3963356,32822.0,nM,O=C1NC(=O)/C(=C/c2cnn3c(NC4CC4)nc(OCc4ccc(Cl)cc4)nc23)N1,4.483834958855757,425.10031505200004,8,3,2.1113,True
CHEMBL3926977,34040.0,nM,O=C1NC(=O)/C(=C/c2cnn3c(NC4CC4)cc(NC(=O)c4ccncn4)nc23)N1,4.4680104485874494,405.1297853400001,9,4,0.5261999999999997,True
CHEMBL4550702,35000.0,nM,Cn1cc(-c2cnc3c(-c4csc(C(=O)NCC(F)(F)F)c4)cnn3c2)cn1,4.455931955649724,406.08236469600007,7,1,3.150400000000001,True
CHEMBL3918043,35033.0,nM,O=C1NC(=O)/C(=C/c2cnn3c(NC4CC4)cc(NC(=O)c4cc(Cl)ccc4F)nc23)N1,4.455522670913571,455.09089324000007,7,4,2.5286999999999997,True
CHEMBL3976552,36311.0,nM,O=C1NC(=O)/C(=C/c2cnn3c(NC4CC4)cc(Nc4ncc(Cl)cc4Cl)nc23)N1,4.439961790511464,444.0616770480001,8,4,2.9293000000000005,True
CHEMBL3907165,38513.0,nM,O=C1NC(=O)/C(=C/c2cnn3c(NC4CC4)cc(N4CCN(C(=O)C5CC5)CC4)nc23)N1,4.414392650354162,436.19713662800007,8,3,0.5424999999999998,True
CHEMBL3933278,39441.0,nM,COc1ccnc(COc2nc(NC3CC3)n3ncc(/C=C4\NC(=O)NC4=O)c3n2)c1,4.404052082347048,422.14510105600004,10,3,0.8614999999999995,True
CHEMBL3935721,41017.0,nM,O=C1NC(=O)/C(=C/c2cnn3c(NC4CC4)cc(N4CCN(C(=O)C5CC5(F)F)CC4)nc23)N1,4.387036107280458,472.17829300400007,8,3,0.7876999999999998,True
CHEMBL3921670,41170.0,nM,O=C1NC(=O)/C(=C/c2cnn3c(NC4CC4)cc(N4CCN(C(=O)C5CCC5)CC4)nc23)N1,4.385419133002514,450.21278669200007,8,3,0.9325999999999997,True
CHEMBL3963553,41784.0,nM,Cc1ccc(C(=O)Nc2cc(NC3CC3)n3ncc(/C=C4\NC(=O)NC4=O)c3n2)cc1F,4.378989987171063,435.14551565600004,7,4,2.18372,True
CHEMBL3966391,42842.0,nM,CC(=O)N1CCN(c2cc(NC3CC3)n3ncc(/C=C4\NC(=O)NC4=O)c3n2)CC1,4.368130263127548,410.181486564,8,3,0.1524000000000008,True
CHEMBL3966720,45534.0,nM,O=C1NC(=O)/C(=C/c2cnn3c(NC4CC4)cc(NC(=O)C4CNCCO4)nc23)N1,4.341664196789923,412.16075112000004,9,5,-0.5891999999999988,True
CHEMBL3892345,47119.0,nM,COc1c(F)cccc1Nc1cc(NC2CC2)n2ncc(/C=C3\NC(=O)NC3=O)c2n1,4.326803935094689,423.14551565600004,8,4,2.3751999999999995,True
CHEMBL3941212,51843.0,nM,CC(C)(C)OC(=O)N1CCN(c2cc(NC3CC3)n3ncc(/C=C4\NC(=O)NC4=O)c3n2)CC1,4.285309875082139,468.22335137600004,9,3,1.5409999999999995,True
CHEMBL3893658,52820.0,nM,O=C1NC(=O)/C(=C/c2cnn3c(NC4CC4)cc(N4CCN(C(=O)CN5CCOCC5)CC4)nc23)N1,4.277201603129095,495.2342504080001,10,3,-0.5352999999999966,True
CHEMBL3974122,60724.0,nM,CC1(C(=O)N2CCN(c3cc(NC4CC4)n4ncc(/C=C5\NC(=O)NC5=O)c4n3)CC2)CC1,4.216639628405217,450.212786692,8,3,0.9326000000000002,True
CHEMBL3911024,65249.0,nM,CC(C)N1CCN(c2ccc(Oc3nc(NC4CC4)n4ncc(/C=C5\NC(=O)NC5=O)c4n3)cc2)CC1,4.185426139894814,503.23933578800006,10,3,2.201599999999999,True
CHEMBL3928283,70354.0,nM,O=C1NC(=O)/C(=C/c2cnn3c(NC4CC4)cc(N4CCN(C(=O)C5(C(F)(F)F)CC5)CC4)nc23)N1,4.15271120557049,504.1845212560001,8,3,1.4749999999999996,True
CHEMBL3934858,80785.0,nM,Nc1cc(Nc2cc(Cl)ccc2F)nc2c(/C=C3\NC(=O)NC3=O)cnn12,4.092669270685602,387.06467849200004,7,4,2.0279,True
CHEMBL3983580,87627.0,nM,O=C1NC(=O)/C(=C/c2cnn3c(NC4CC4)cc(Nc4ncc(C(F)(F)F)cc4Cl)nc23)N1,4.057362056568207,478.0880340280001,8,4,3.2947000000000006,True
