,smiles,original pIC50 ,fingerprints_df,predicted_pIC50
0,C=CC(C)(C)c1cc(C(=O)c2c(-c3cc(-c4cc5cc(C(C)(C)C=C)c(O)cc5oc4=O)c(O)cc3O)oc3cc(O)ccc23)c(O)cc1O,8.221848749616356,"[0 0 0 0 0 0 0 0 0 0 0 0 0 0 0 0 0 0 0 0 0 0 0 0 0 0 0 0 0 0 0 0 0 0 1 0 0
 0 0 0 0 0 0 0 0 0 0 0 0 0 0 0 0 1 0 0 0 1 0 0 0 0 1 0 0 0 1 0 0 0 0 0 0 0
 1 0 0 0 0 0 0 0 0 1 0 0 0 0 0 1 0 0 0 0 0 0 1 0 1 1 0 1 0 0 0 1 0 0 0 0 0
 0 1 1 0 0 0 0 0 0 1 0 0 1 0 1 0 1 0 0 0 1 0 0 0 0 1 1 0 1 1 1 0 1 1 1 1 0
 0 1 1 0 1 0 1 0 0 1 0 1 1 0 1 1 1 1 0]",8.009878
1,C[C@H]1[C@H](C)CC[C@]2(C(=O)O)CC[C@]3(C)C(=CC[C@@H]4[C@@]5(C)CC[C@H](O)C(C)(C)[C@@H]5CC[C@]43C)[C@H]12,7.508638306165727,"[0 0 0 0 0 0 0 0 0 0 0 0 0 0 0 0 0 0 0 0 0 0 0 0 0 0 1 0 0 0 0 0 0 0 0 0 0
 0 0 0 0 0 0 0 0 0 0 0 0 0 1 0 0 0 0 0 0 0 0 0 0 0 0 0 0 0 1 0 0 0 0 0 0 0
 1 0 1 0 0 0 0 0 0 0 0 0 0 0 0 0 1 1 0 0 0 0 0 0 0 1 0 1 0 0 1 1 0 0 1 0 0
 0 1 0 0 1 1 0 1 0 0 0 0 1 0 0 0 1 1 1 0 1 1 0 0 0 0 0 0 1 0 1 0 1 0 1 1 1
 0 1 1 0 1 0 1 0 0 1 0 1 1 0 0 1 1 1 0]",5.3056974
2,COc1cc2ncnc(Nc3ccc(F)c(Cl)c3)c2cc1OCCCN1CCOCC1,7.259637310505756,"[0 0 0 0 0 0 0 0 0 0 0 0 0 0 0 0 0 0 0 0 0 0 0 0 0 0 0 0 0 0 0 0 0 0 0 0 0
 0 1 0 0 0 1 0 0 0 0 0 0 0 0 0 0 0 0 0 0 1 0 0 0 0 0 0 0 1 0 0 0 0 0 0 1 0
 0 1 0 1 0 0 1 0 0 0 0 1 1 1 0 0 0 0 0 1 0 1 0 1 1 0 1 1 0 1 0 1 0 1 0 1 0
 1 0 1 0 0 0 0 1 0 1 1 1 0 0 1 1 1 1 1 0 0 1 1 1 1 0 1 1 0 0 0 1 1 1 1 1 1
 1 0 1 1 1 1 0 1 1 1 1 1 1 1 1 1 1 1 0]",7.477018
3,COc1ccc([C@@]23Oc4cc(OC)cc(OC)c4[C@]2(O)[C@H](O)[C@H](C(=O)N(C)C)[C@H]3c2ccccc2)cc1,7.096910013008056,"[0 0 0 0 0 0 0 0 0 0 0 0 0 0 0 0 0 0 0 0 0 0 0 0 0 0 0 0 0 0 0 0 0 0 0 0 0
 0 0 0 0 0 0 0 0 0 0 0 0 0 0 0 0 0 1 0 0 1 0 0 0 0 1 0 0 0 1 0 0 0 0 0 1 0
 1 0 0 0 0 0 0 0 0 1 0 1 1 0 0 1 0 0 1 1 0 0 1 1 0 0 0 1 0 0 0 1 0 0 0 0 1
 0 1 1 0 0 0 1 0 0 0 0 1 0 0 1 1 1 0 0 0 1 0 0 0 0 0 1 0 1 1 1 0 1 1 1 1 0
 1 1 1 0 1 0 1 0 1 1 1 1 1 1 1 1 1 1 0]",6.2754073
4,COc1ccc(/C=C/C(=O)c2nnn(-c3ccc(Cl)cc3)c2C)cc1OC,6.872895201635192,"[0 0 0 0 0 0 0 0 0 0 0 0 0 0 0 0 0 0 0 0 0 0 0 0 0 0 0 0 0 0 0 0 0 0 0 0 0
 0 0 0 0 0 0 0 0 0 0 0 0 0 0 0 1 0 0 0 0 0 0 0 0 0 1 0 0 1 0 0 0 0 1 0 1 0
 0 1 0 1 0 1 1 0 0 1 0 0 0 1 0 0 0 0 0 1 1 1 1 1 0 1 0 0 0 1 0 0 0 1 0 0 0
 0 0 1 0 0 0 0 0 0 1 1 1 0 1 1 1 1 0 0 1 0 0 1 1 1 0 1 0 0 0 1 1 1 1 1 1 0
 1 1 1 0 1 0 1 0 1 1 1 1 1 1 1 1 1 1 0]",5.777711
5,COc1ccc(/C=C/c2ccccc2F)cc1,6.823908740944319,"[0 0 0 0 0 0 0 0 0 0 0 0 0 0 0 0 0 0 0 0 0 0 0 0 0 0 0 0 0 0 0 0 0 0 0 0 0
 0 0 0 0 0 1 0 0 0 0 0 0 0 0 0 0 0 0 0 0 0 0 0 0 0 0 0 0 0 0 0 0 0 0 0 0 0
 0 0 0 0 0 0 0 0 0 0 0 0 0 1 0 0 0 0 0 1 0 0 0 0 0 1 0 0 0 0 0 0 0 1 0 0 0
 0 0 1 0 0 0 0 0 0 0 0 0 0 0 1 1 1 0 0 0 0 0 0 1 0 0 0 0 0 0 0 0 1 1 1 0 0
 0 0 1 0 1 0 0 0 0 1 0 0 1 0 1 1 1 1 0]",4.9874244
6,CN(C)c1ccc(/C=C/c2ccccc2)cc1,6.823908740944319,"[0 0 0 0 0 0 0 0 0 0 0 0 0 0 0 0 0 0 0 0 0 0 0 0 0 0 0 0 0 0 0 0 0 0 0 0 0
 0 0 0 0 0 0 0 0 0 0 0 0 0 0 0 0 0 0 0 0 0 0 0 0 0 0 0 0 0 0 0 0 0 0 0 0 0
 1 0 0 0 0 0 0 0 0 0 0 1 1 0 0 0 0 0 0 1 0 0 0 0 0 1 0 0 0 0 0 0 0 0 0 0 0
 0 0 0 0 0 0 0 0 0 0 0 1 0 0 1 0 0 0 0 0 0 0 1 0 1 0 0 0 0 0 0 0 0 0 1 0 0
 1 1 0 0 0 0 0 0 1 0 1 0 1 1 1 1 0 1 0]",4.890381
7,CCCCCCCCCCCCCCCCS(=O)(=O)NCCCNCCCCNCCCN,6.638272163982407,"[0 0 0 0 0 0 0 0 0 0 0 0 0 0 0 0 0 0 0 0 0 0 0 0 0 0 0 0 0 0 0 0 1 1 0 0 0
 0 0 0 0 0 0 0 0 0 0 0 0 0 0 1 0 1 0 1 0 0 1 0 1 1 0 0 0 0 0 1 0 1 0 0 0 1
 0 0 0 0 0 0 1 0 1 0 1 0 1 0 1 0 1 1 0 0 1 0 0 0 0 0 1 0 1 0 1 0 1 0 1 0 0
 1 1 0 1 1 1 1 1 0 0 0 0 0 1 0 0 0 1 1 1 1 1 0 0 0 1 0 1 0 0 0 1 0 0 0 0 1
 1 0 0 1 0 1 0 1 1 0 1 1 1 1 0 0 1 0 0]",3.184816
8,COc1cc(O)c2c(c1)/C=C/C[C@H](O)[C@H](O)C(=O)/C=C\C[C@H](C)OC2=O,6.6020599913279625,"[0 0 0 0 0 0 0 0 0 0 0 0 0 0 0 0 0 0 0 0 0 0 0 0 0 0 0 0 0 0 0 0 0 0 0 0 0
 0 0 0 0 0 0 0 0 0 0 0 0 0 0 0 0 0 1 0 0 1 0 0 0 0 0 0 0 0 0 0 0 0 0 0 1 0
 0 0 0 0 0 0 0 0 0 0 0 0 0 0 0 1 1 0 0 1 0 0 0 0 0 1 0 1 0 0 1 1 0 0 0 0 0
 0 0 1 0 1 0 0 0 0 0 0 0 1 0 0 1 1 0 0 0 1 1 0 0 0 1 1 0 1 1 0 0 1 1 0 1 0
 0 1 1 0 1 0 1 0 0 1 0 1 1 0 1 1 1 1 0]",6.6190925
9,CCOc1ccc(/C=C/c2ccccc2)cc1,6.522878745280337,"[0 0 0 0 0 0 0 0 0 0 0 0 0 0 0 0 0 0 0 0 0 0 0 0 0 0 0 0 0 0 0 0 0 0 0 0 0
 0 0 0 0 0 0 0 0 0 0 0 0 0 0 0 0 0 0 0 0 0 0 0 0 0 0 0 0 0 0 0 0 0 0 0 0 0
 0 0 0 0 0 0 0 0 0 0 0 0 0 0 0 0 0 0 0 0 0 0 0 0 0 1 0 0 0 0 0 0 0 0 0 1 0
 0 0 1 1 0 0 0 0 0 0 0 0 0 0 1 1 1 0 0 0 0 0 0 0 0 0 0 0 0 0 0 0 1 0 1 0 0
 0 0 0 0 1 1 0 1 0 1 0 0 1 0 1 1 1 1 0]",4.702433
10,CCCCCCCCCCS(=O)(=O)NCCCNCCCCNCCCN,6.508638306165727,"[0 0 0 0 0 0 0 0 0 0 0 0 0 0 0 0 0 0 0 0 0 0 0 0 0 0 0 0 0 0 0 0 1 1 0 0 0
 0 0 0 0 0 0 0 0 0 0 0 0 0 0 1 0 1 0 1 0 0 1 0 1 1 0 0 0 0 0 1 0 1 0 0 0 1
 0 0 0 0 0 0 1 0 1 0 1 0 1 0 1 0 1 1 0 0 1 0 0 0 0 0 1 0 1 0 1 0 1 0 1 0 0
 1 1 0 1 1 1 1 1 0 0 0 0 0 1 0 0 0 1 1 1 1 1 0 0 0 1 0 1 0 0 0 1 0 0 0 0 1
 1 0 0 1 0 1 0 1 1 0 1 1 1 1 0 0 1 0 0]",3.184816
11,CCCCCCCCCCCCS(=O)(=O)NCCCNCCCCNCCCN,6.468521082957745,"[0 0 0 0 0 0 0 0 0 0 0 0 0 0 0 0 0 0 0 0 0 0 0 0 0 0 0 0 0 0 0 0 1 1 0 0 0
 0 0 0 0 0 0 0 0 0 0 0 0 0 0 1 0 1 0 1 0 0 1 0 1 1 0 0 0 0 0 1 0 1 0 0 0 1
 0 0 0 0 0 0 1 0 1 0 1 0 1 0 1 0 1 1 0 0 1 0 0 0 0 0 1 0 1 0 1 0 1 0 1 0 0
 1 1 0 1 1 1 1 1 0 0 0 0 0 1 0 0 0 1 1 1 1 1 0 0 0 1 0 1 0 0 0 1 0 0 0 0 1
 1 0 0 1 0 1 0 1 1 0 1 1 1 1 0 0 1 0 0]",3.184816
12,COc1ccc(/C=C/c2cccc(O)c2O)cc1,6.301029995663981,"[0 0 0 0 0 0 0 0 0 0 0 0 0 0 0 0 0 0 0 0 0 0 0 0 0 0 0 0 0 0 0 0 0 0 0 0 0
 0 0 0 0 0 0 0 0 0 0 0 0 0 0 0 0 0 1 0 0 0 0 0 0 0 0 0 0 0 0 0 0 0 0 0 1 0
 0 0 0 0 0 0 0 0 0 0 0 0 0 0 0 0 0 0 0 1 0 0 0 0 0 1 0 0 0 0 0 0 0 0 0 0 0
 0 0 1 0 0 0 0 0 0 0 0 0 0 0 1 1 1 0 0 0 1 0 0 0 0 0 0 0 1 0 0 0 1 1 1 1 0
 0 0 1 0 1 0 0 0 0 1 0 1 1 0 1 1 1 1 0]",6.668666
13,Cc1ccc2c(c1)-c1ccc3cccnc3c1NS2(=O)=O,6.221848749616356,"[0 0 0 0 0 0 0 0 0 0 0 0 0 0 0 0 0 0 0 0 0 0 0 0 0 0 0 0 0 0 0 0 1 1 0 0 1
 0 0 0 0 0 0 0 0 0 0 0 0 0 0 1 0 0 0 1 0 0 1 1 1 1 0 0 0 1 0 1 0 1 0 0 0 1
 0 0 0 0 0 1 0 1 0 0 0 0 0 0 1 0 0 0 0 0 1 0 0 0 1 0 0 1 1 0 0 1 1 0 0 0 0
 0 1 0 0 0 0 1 0 0 1 1 0 0 1 1 0 1 0 0 1 0 0 0 0 1 1 1 0 0 0 0 1 1 1 1 0 0
 1 0 0 1 0 0 0 0 1 0 1 1 1 1 1 1 1 1 0]",5.610053
14,COc1ccc(/C=C/c2cccc(OC)c2)cc1,6.221848749616356,"[0 0 0 0 0 0 0 0 0 0 0 0 0 0 0 0 0 0 0 0 0 0 0 0 0 0 0 0 0 0 0 0 0 0 0 0 0
 0 0 0 0 0 0 0 0 0 0 0 0 0 0 0 0 0 0 0 0 0 0 0 0 0 0 0 0 0 0 0 0 0 0 0 0 0
 0 0 0 0 0 0 0 0 0 0 0 0 0 0 0 0 0 0 0 1 0 0 0 0 0 1 0 0 0 0 0 0 0 0 0 0 0
 0 0 1 0 0 0 0 0 0 0 0 0 0 0 1 1 1 0 0 0 0 0 0 0 0 0 0 0 0 0 0 0 1 0 1 0 0
 0 1 0 0 1 0 0 0 0 1 0 1 1 0 1 1 1 1 0]",4.8660703
15,COc1ccc(/C=C/c2ccc(O)c(O)c2)cc1,6.221848749616356,"[0 0 0 0 0 0 0 0 0 0 0 0 0 0 0 0 0 0 0 0 0 0 0 0 0 0 0 0 0 0 0 0 0 0 0 0 0
 0 0 0 0 0 0 0 0 0 0 0 0 0 0 0 0 0 1 0 0 0 0 0 0 0 0 0 0 0 0 0 0 0 0 0 1 0
 0 0 0 0 0 0 0 0 0 0 0 0 0 0 0 0 0 0 0 1 0 0 0 0 0 1 0 0 0 0 0 0 0 0 0 0 0
 0 0 1 0 0 0 0 0 0 0 0 0 0 0 1 1 1 0 0 0 1 0 0 0 0 0 0 0 1 0 0 0 1 1 1 1 0
 0 0 1 0 1 0 0 0 0 1 0 1 1 0 1 1 1 1 0]",6.668666
16,C[C@H]1C/C=C\C(=O)[C@@H](O)[C@@H](O)C/C=C/c2cc(O)cc(O)c2C(=O)O1,6.124938737,"[0 0 0 0 0 0 0 0 0 0 0 0 0 0 0 0 0 0 0 0 0 0 0 0 0 0 0 0 0 0 0 0 0 0 0 0 0
 0 0 0 0 0 0 0 0 0 0 0 0 0 0 0 0 1 1 0 0 1 0 0 0 0 0 0 0 0 0 0 0 0 0 0 1 0
 0 0 0 0 0 0 0 0 0 0 0 0 0 0 0 1 1 0 0 0 0 0 0 0 0 1 0 1 0 0 1 1 0 0 0 0 0
 0 0 1 0 1 0 0 0 0 0 0 0 1 0 0 0 1 0 0 0 1 1 0 0 0 1 1 0 1 1 0 0 1 1 0 1 0
 0 0 1 0 1 0 1 0 0 1 0 1 1 0 1 1 1 1 0]",6.875934
17,COc1ccc(/C=C/c2cccc(C)c2)cc1,6.096910013008056,"[0 0 0 0 0 0 0 0 0 0 0 0 0 0 0 0 0 0 0 0 0 0 0 0 0 0 0 0 0 0 0 0 0 0 0 0 0
 0 0 0 0 0 0 0 0 0 0 0 0 0 0 0 0 0 0 0 0 0 0 0 0 0 0 0 0 0 0 0 0 0 0 0 0 0
 0 0 0 0 0 0 0 0 0 0 0 0 0 0 0 0 0 0 0 1 0 0 0 0 0 1 0 0 0 0 0 0 0 0 0 0 0
 0 0 1 0 0 0 0 0 0 0 0 0 0 0 1 1 1 0 0 0 0 0 0 0 0 0 0 0 0 0 0 0 1 0 1 0 0
 0 1 0 0 1 0 0 0 0 1 0 0 1 0 1 1 1 1 0]",4.4902368
18,COc1ccc(/C=C/c2ccc(C)cc2)cc1,6.045757490560675,"[0 0 0 0 0 0 0 0 0 0 0 0 0 0 0 0 0 0 0 0 0 0 0 0 0 0 0 0 0 0 0 0 0 0 0 0 0
 0 0 0 0 0 0 0 0 0 0 0 0 0 0 0 0 0 0 0 0 0 0 0 0 0 0 0 0 0 0 0 0 0 0 0 0 0
 0 0 0 0 0 0 0 0 0 0 0 0 0 0 0 0 0 0 0 1 0 0 0 0 0 1 0 0 0 0 0 0 0 0 0 0 0
 0 0 1 0 0 0 0 0 0 0 0 0 0 0 1 1 1 0 0 0 0 0 0 0 0 0 0 0 0 0 0 0 1 0 1 0 0
 0 1 0 0 1 0 0 0 0 1 0 0 1 0 1 1 1 1 0]",4.4902368
19,COc1cc2ccc(C)nc2c2c1-c1cc(C)ccc1S(=O)(=O)N2,6.045757490560675,"[0 0 0 0 0 0 0 0 0 0 0 0 0 0 0 0 0 0 0 0 0 0 0 0 0 0 0 0 0 0 0 0 1 1 0 0 1
 0 0 0 0 0 0 0 0 0 0 0 0 0 0 1 0 0 0 1 0 0 1 1 1 1 0 0 0 1 0 1 0 1 0 0 0 1
 0 0 0 0 0 1 0 1 0 0 0 0 0 0 1 0 0 0 0 1 1 0 0 1 1 0 0 1 1 0 0 1 1 0 0 0 0
 0 1 1 0 0 0 1 0 0 1 1 0 0 1 1 1 1 0 0 1 0 0 0 0 1 1 1 0 0 0 1 1 1 1 1 1 0
 1 1 0 1 1 0 0 0 1 1 1 1 1 1 1 1 1 1 0]",5.4656296
20,Cc1ccc2cccc(NS(=O)(=O)c3cccc([N+](=O)[O-])c3)c2n1,6.045757490560675,"[0 0 0 0 0 0 0 0 0 0 0 0 0 0 0 0 0 0 0 0 0 0 0 0 1 0 0 0 0 0 0 0 1 1 0 0 0
 0 0 0 0 0 0 0 0 0 0 0 0 1 0 1 0 0 0 1 1 0 1 1 1 1 0 1 1 1 0 1 0 1 1 1 0 1
 0 0 0 0 0 1 0 1 0 0 0 0 0 0 1 0 0 0 0 0 1 0 0 0 1 0 0 1 1 0 0 1 1 0 0 0 0
 0 1 0 0 0 0 1 0 1 0 1 1 0 1 1 0 0 0 0 1 0 0 1 0 1 1 1 0 0 1 0 1 0 0 1 1 0
 1 0 0 1 0 0 0 0 1 0 1 1 1 1 1 1 1 1 0]",4.878955
21,COc1cc(NS(=O)(=O)c2ccc(C)cc2N)c2ncccc2c1,6.0,"[0 0 0 0 0 0 0 0 0 0 0 0 0 0 0 0 0 0 0 0 0 0 0 0 0 0 0 0 0 0 0 0 1 1 0 0 0
 0 0 0 0 0 0 0 0 0 0 0 0 0 0 1 0 1 0 1 0 0 1 1 1 1 0 0 1 1 0 1 0 1 0 0 0 1
 0 0 0 0 0 1 1 1 0 0 1 0 0 0 1 0 0 0 0 1 1 0 0 1 1 0 0 1 1 0 0 1 1 0 0 0 0
 0 1 1 0 0 0 1 0 0 0 1 0 0 1 1 1 1 0 0 1 1 0 1 0 1 1 1 0 0 0 0 1 1 1 1 1 0
 1 1 1 1 1 0 0 0 1 1 1 1 1 1 1 1 1 1 0]",4.696507
22,COc1ccc(S(=O)(=O)Nc2cccc3ccc(C)nc23)c([N+](=O)[O-])c1,6.0,"[0 0 0 0 0 0 0 0 0 0 0 0 0 0 0 0 0 0 0 0 0 0 0 0 1 0 0 0 0 0 0 0 1 1 0 0 0
 0 0 0 0 0 0 0 0 0 0 0 0 1 0 1 0 0 0 1 1 0 1 1 1 1 0 1 1 1 0 1 0 1 1 1 0 1
 0 0 0 0 0 1 1 1 0 0 0 0 0 0 1 0 0 0 0 1 1 0 0 1 1 0 0 1 1 0 0 1 1 0 0 0 0
 0 1 1 0 0 0 1 0 1 0 1 1 0 1 1 1 1 0 0 1 0 0 1 0 1 1 1 0 0 1 0 1 1 1 1 1 0
 1 1 1 1 1 0 0 0 1 1 1 1 1 1 1 1 1 1 0]",5.2848735
23,COc1ccc(/C=C/c2cccc(Cl)c2)cc1,6.0,"[0 0 0 0 0 0 0 0 0 0 0 0 0 0 0 0 0 0 0 0 0 0 0 0 0 0 0 0 0 0 0 0 0 0 0 0 0
 0 0 0 0 0 0 0 0 0 0 0 0 0 0 0 0 0 0 0 0 0 0 0 0 0 0 0 0 0 0 0 0 0 0 0 0 0
 0 0 0 0 0 0 0 0 0 0 0 0 0 1 0 0 0 0 0 1 0 0 0 0 0 1 0 0 0 1 0 0 0 1 0 0 0
 0 0 1 0 0 0 0 0 0 0 0 0 0 0 1 1 1 0 0 0 0 0 0 1 0 0 0 0 0 0 0 0 1 0 1 0 0
 0 0 0 0 1 0 0 0 0 1 0 0 1 0 1 1 1 1 0]",4.62221
24,Cc1ccc2cccc(NS(=O)(=O)c3ccc(Cl)s3)c2n1,6.0,"[0 0 0 0 0 0 0 0 0 0 0 0 0 0 0 0 0 0 0 0 0 0 0 0 0 0 0 0 0 0 0 0 1 1 0 0 1
 0 0 0 0 0 0 0 0 0 0 0 0 0 0 1 0 0 0 1 0 0 1 1 1 1 0 0 1 1 0 1 0 1 0 0 0 1
 0 0 0 0 0 1 0 1 0 1 0 0 0 1 1 0 0 0 0 0 1 0 1 0 1 0 0 1 1 1 0 1 1 1 0 0 0
 0 1 0 0 0 0 1 0 0 1 1 0 0 1 1 0 0 0 0 1 0 0 1 1 1 1 1 0 0 0 0 1 0 0 1 0 0
 1 0 0 1 0 0 0 0 1 0 1 1 1 1 1 1 1 1 0]",6.6971807
25,O=S1(=O)Nc2c(ccc3cccnc23)-c2ccccc21,6.0,"[0 0 0 0 0 0 0 0 0 0 0 0 0 0 0 0 0 0 0 0 0 0 0 0 0 0 0 0 0 0 0 0 1 1 0 0 1
 0 0 0 0 0 0 0 0 0 0 0 0 0 0 1 0 0 0 1 0 0 1 1 1 1 0 0 0 1 0 1 0 1 0 0 0 1
 0 0 0 0 0 1 0 1 0 0 0 0 0 0 1 0 0 0 0 0 1 0 0 0 1 0 0 1 1 0 0 1 1 0 0 0 0
 0 1 0 0 0 0 1 0 0 1 1 0 0 1 1 0 1 0 0 1 0 0 0 0 1 1 1 0 0 0 0 1 1 1 1 0 0
 1 0 0 1 0 0 0 0 1 0 1 1 0 1 1 1 1 1 0]",5.513686
26,COc1ccc2c(c1)-c1ccc3cccnc3c1NS2(=O)=O,6.0,"[0 0 0 0 0 0 0 0 0 0 0 0 0 0 0 0 0 0 0 0 0 0 0 0 0 0 0 0 0 0 0 0 1 1 0 0 1
 0 0 0 0 0 0 0 0 0 0 0 0 0 0 1 0 0 0 1 0 0 1 1 1 1 0 0 0 1 0 1 0 1 0 0 0 1
 0 0 0 0 0 1 0 1 0 0 0 0 0 0 1 0 0 0 0 1 1 0 0 0 1 0 0 1 1 0 0 1 1 0 0 0 0
 0 1 1 0 0 0 1 0 0 1 1 0 0 1 1 1 1 0 0 1 0 0 0 0 1 1 1 0 0 0 0 1 1 1 1 1 0
 1 0 0 1 1 0 0 0 1 1 1 1 1 1 1 1 1 1 0]",5.506098
27,O=S1(=O)Nc2c(ccc3cccnc23)-c2cc(C(F)(F)F)ccc21,6.0,"[0 0 0 0 0 0 0 0 0 0 0 0 0 0 0 0 0 0 0 0 0 0 0 0 0 0 0 0 0 0 0 0 1 1 0 0 1
 0 0 0 0 0 1 0 0 0 0 0 0 0 0 1 0 0 0 1 0 0 1 1 1 1 0 0 0 1 0 1 0 1 0 0 0 1
 0 0 0 0 0 1 0 1 0 0 0 0 0 0 1 0 0 0 0 0 1 0 0 0 1 0 0 1 1 0 0 1 1 1 0 0 0
 0 1 0 0 0 0 1 0 0 1 1 0 0 1 1 0 1 0 0 1 0 0 0 1 1 1 1 0 0 0 0 1 1 1 1 0 0
 1 0 0 1 0 0 0 0 1 0 1 1 0 1 1 1 1 1 0]",5.990149
28,O=S(=O)(Nc1cccc2cccnc12)c1ccc(Br)s1,5.958607314841775,"[0 0 0 0 0 0 0 0 0 0 0 0 0 0 0 0 0 0 0 0 0 0 0 0 0 0 0 0 0 0 0 0 1 1 0 0 1
 0 0 0 0 0 0 0 0 0 1 0 0 0 0 1 0 0 0 1 0 0 1 1 1 1 0 0 1 1 0 1 0 1 0 0 0 1
 0 0 0 0 0 1 0 1 0 1 0 0 0 1 1 0 0 0 0 0 1 0 1 0 1 0 0 1 1 0 0 1 1 1 0 0 0
 0 1 0 0 0 0 1 0 0 1 1 0 0 1 1 0 0 0 0 1 0 0 1 1 1 1 1 0 0 0 0 1 0 0 1 0 0
 1 0 0 1 0 0 0 0 1 0 1 1 0 1 1 1 1 1 0]",6.825242
29,Cc1ccc2cccc(NS(=O)(=O)c3ccc(C(F)(F)F)cc3[N+](=O)[O-])c2n1,5.958607314841775,"[0 0 0 0 0 0 0 0 0 0 0 0 0 0 0 0 0 0 0 0 0 0 0 0 1 0 0 0 0 0 0 0 1 1 0 0 0
 0 0 0 0 0 1 0 0 0 0 0 0 1 0 1 0 0 0 1 1 0 1 1 1 1 0 1 1 1 0 1 0 1 1 1 0 1
 0 0 0 0 0 1 1 1 0 0 0 0 0 0 1 0 0 0 0 0 1 0 0 1 1 0 0 1 1 0 0 1 1 1 0 0 0
 0 1 0 0 0 0 1 0 1 0 1 1 0 1 1 0 0 0 0 1 0 0 1 1 1 1 1 0 0 1 0 1 0 1 1 1 0
 1 0 1 1 0 0 0 0 1 0 1 1 1 1 1 1 1 1 0]",5.381796
30,COc1ccc(/C=C/c2cccc(F)c2)cc1,5.958607314841775,"[0 0 0 0 0 0 0 0 0 0 0 0 0 0 0 0 0 0 0 0 0 0 0 0 0 0 0 0 0 0 0 0 0 0 0 0 0
 0 0 0 0 0 1 0 0 0 0 0 0 0 0 0 0 0 0 0 0 0 0 0 0 0 0 0 0 0 0 0 0 0 0 0 0 0
 0 0 0 0 0 0 0 0 0 0 0 0 0 1 0 0 0 0 0 1 0 0 0 0 0 1 0 0 0 0 0 0 0 1 0 0 0
 0 0 1 0 0 0 0 0 0 0 0 0 0 0 1 1 1 0 0 0 0 0 0 1 0 0 0 0 0 0 0 0 1 0 1 0 0
 0 0 0 0 1 0 0 0 0 1 0 0 1 0 1 1 1 1 0]",4.5175767
31,O=S1(=O)Nc2c(ccc3cccnc23)-c2cc(Cl)ccc21,5.958607314841775,"[0 0 0 0 0 0 0 0 0 0 0 0 0 0 0 0 0 0 0 0 0 0 0 0 0 0 0 0 0 0 0 0 1 1 0 0 1
 0 0 0 0 0 0 0 0 0 0 0 0 0 0 1 0 0 0 1 0 0 1 1 1 1 0 0 0 1 0 1 0 1 0 0 0 1
 0 0 0 0 0 1 0 1 0 0 0 0 0 1 1 0 0 0 0 0 1 0 0 0 1 0 0 1 1 1 0 1 1 1 0 0 0
 0 1 0 0 0 0 1 0 0 1 1 0 0 1 1 0 1 0 0 1 0 0 0 1 1 1 1 0 0 0 0 1 1 1 1 0 0
 1 0 0 1 0 0 0 0 1 0 1 1 0 1 1 1 1 1 0]",5.8813987
32,COc1cc2cccnc2c2c1-c1cc(C)ccc1S(=O)(=O)N2,5.920818753952375,"[0 0 0 0 0 0 0 0 0 0 0 0 0 0 0 0 0 0 0 0 0 0 0 0 0 0 0 0 0 0 0 0 1 1 0 0 1
 0 0 0 0 0 0 0 0 0 0 0 0 0 0 1 0 0 0 1 0 0 1 1 1 1 0 0 0 1 0 1 0 1 0 0 0 1
 0 0 0 0 0 1 0 1 0 0 0 0 0 0 1 0 0 0 0 1 1 0 0 1 1 0 0 1 1 0 0 1 1 0 0 0 0
 0 1 1 0 0 0 1 0 0 1 1 0 0 1 1 1 1 0 0 1 0 0 0 0 1 1 1 0 0 0 0 1 1 1 1 1 0
 1 1 0 1 1 0 0 0 1 1 1 1 1 1 1 1 1 1 0]",5.50403
33,Cc1ccc2ccc3c(c2n1)NS(=O)(=O)c1ccc(C(F)(F)F)cc1-3,5.920818753952375,"[0 0 0 0 0 0 0 0 0 0 0 0 0 0 0 0 0 0 0 0 0 0 0 0 0 0 0 0 0 0 0 0 1 1 0 0 1
 0 0 0 0 0 1 0 0 0 0 0 0 0 0 1 0 0 0 1 0 0 1 1 1 1 0 0 0 1 0 1 0 1 0 0 0 1
 0 0 0 0 0 1 0 1 0 0 0 0 0 0 1 0 0 0 0 0 1 0 0 0 1 0 0 1 1 0 0 1 1 1 0 0 0
 0 1 0 0 0 0 1 0 0 1 1 0 0 1 1 0 1 0 0 1 0 0 0 1 1 1 1 0 0 0 0 1 1 1 1 0 0
 1 0 0 1 0 0 0 0 1 0 1 1 1 1 1 1 1 1 0]",6.111936
34,O=S(=O)(Nc1cccc2cccnc12)c1ccc(Cl)s1,5.886056647693163,"[0 0 0 0 0 0 0 0 0 0 0 0 0 0 0 0 0 0 0 0 0 0 0 0 0 0 0 0 0 0 0 0 1 1 0 0 1
 0 0 0 0 0 0 0 0 0 0 0 0 0 0 1 0 0 0 1 0 0 1 1 1 1 0 0 1 1 0 1 0 1 0 0 0 1
 0 0 0 0 0 1 0 1 0 1 0 0 0 1 1 0 0 0 0 0 1 0 1 0 1 0 0 1 1 1 0 1 1 1 0 0 0
 0 1 0 0 0 0 1 0 0 1 1 0 0 1 1 0 0 0 0 1 0 0 1 1 1 1 1 0 0 0 0 1 0 0 1 0 0
 1 0 0 1 0 0 0 0 1 0 1 1 0 1 1 1 1 1 0]",6.6255774
35,C(=C/c1ccc2ccccc2c1)\c1ccccc1,5.886056647693163,"[0 0 0 0 0 0 0 0 0 0 0 0 0 0 0 0 0 0 0 0 0 0 0 0 0 0 0 0 0 0 0 0 0 0 0 0 0
 0 0 0 0 0 0 0 0 0 0 0 0 0 0 0 0 0 0 0 0 0 0 0 0 0 0 0 0 0 0 0 0 0 0 0 0 0
 0 0 0 0 0 0 0 0 0 0 0 0 0 0 0 0 0 0 0 0 0 0 0 0 0 1 0 1 0 0 0 1 0 0 0 0 0
 0 0 0 0 0 0 0 0 0 0 0 0 0 0 1 0 0 0 0 0 0 0 0 0 0 0 0 0 0 0 0 0 0 0 1 0 0
 0 0 0 0 0 0 0 0 0 0 0 0 0 0 1 1 0 1 0]",4.132325
36,Cc1ccc2cccc(NS(=O)(=O)c3ccc(Br)s3)c2n1,5.853871964321762,"[0 0 0 0 0 0 0 0 0 0 0 0 0 0 0 0 0 0 0 0 0 0 0 0 0 0 0 0 0 0 0 0 1 1 0 0 1
 0 0 0 0 0 0 0 0 0 1 0 0 0 0 1 0 0 0 1 0 0 1 1 1 1 0 0 1 1 0 1 0 1 0 0 0 1
 0 0 0 0 0 1 0 1 0 1 0 0 0 1 1 0 0 0 0 0 1 0 1 0 1 0 0 1 1 0 0 1 1 1 0 0 0
 0 1 0 0 0 0 1 0 0 1 1 0 0 1 1 0 0 0 0 1 0 0 1 1 1 1 1 0 0 0 0 1 0 0 1 0 0
 1 0 0 1 0 0 0 0 1 0 1 1 1 1 1 1 1 1 0]",6.9145455
37,COc1ccc(/C=C/c2ccccc2Cl)cc1,5.823908740944319,"[0 0 0 0 0 0 0 0 0 0 0 0 0 0 0 0 0 0 0 0 0 0 0 0 0 0 0 0 0 0 0 0 0 0 0 0 0
 0 0 0 0 0 0 0 0 0 0 0 0 0 0 0 0 0 0 0 0 0 0 0 0 0 0 0 0 0 0 0 0 0 0 0 0 0
 0 0 0 0 0 0 0 0 0 0 0 0 0 1 0 0 0 0 0 1 0 0 0 0 0 1 0 0 0 1 0 0 0 1 0 0 0
 0 0 1 0 0 0 0 0 0 0 0 0 0 0 1 1 1 0 0 0 0 0 0 1 0 0 0 0 0 0 0 0 1 1 1 0 0
 0 0 1 0 1 0 0 0 0 1 0 0 1 0 1 1 1 1 0]",5.061262
38,C=C(C)[C@@H]1CC[C@]2(C(=O)OC)CC[C@]3(C(=O)O)[C@H](CC[C@@H]4[C@@]5(C)CC[C@H](O)C(C)(C)[C@@H]5CC[C@]43C)[C@@H]12,5.823908740944319,"[0 0 0 0 0 0 0 0 0 0 0 0 0 0 0 0 0 0 0 0 0 0 0 0 0 0 0 0 0 0 0 0 0 0 1 0 0
 0 0 0 0 0 0 0 0 0 0 0 0 0 1 0 0 0 0 0 0 0 0 0 0 0 0 0 0 0 1 0 0 0 0 0 0 0
 1 0 1 0 0 0 0 0 0 0 0 0 0 0 0 0 1 1 0 1 0 0 1 0 0 1 0 1 0 0 1 1 0 0 1 0 0
 0 1 0 0 1 1 0 1 0 0 0 0 1 0 0 1 1 1 1 0 1 1 0 0 0 1 0 0 1 1 1 0 1 0 1 1 1
 0 1 1 0 1 0 1 0 0 1 0 1 1 0 0 1 1 1 0]",5.956837
39,O=[N+]([O-])c1ccc(S(=O)(=O)Nc2cccc3cccnc23)cc1,5.823908740944319,"[0 0 0 0 0 0 0 0 0 0 0 0 0 0 0 0 0 0 0 0 0 0 0 0 1 0 0 0 0 0 0 0 1 1 0 0 0
 0 0 0 0 0 0 0 0 0 0 0 0 1 0 1 0 0 0 1 1 0 1 1 1 1 0 1 1 1 0 1 0 1 1 1 0 1
 0 0 0 0 0 1 0 1 0 0 0 0 0 0 1 0 0 0 0 0 1 0 0 0 1 0 0 1 1 0 0 1 1 0 0 0 0
 0 1 0 0 0 0 1 0 1 0 1 1 0 1 1 0 0 0 0 1 0 0 1 0 1 1 1 0 0 1 0 1 0 0 1 1 0
 1 0 0 1 0 0 0 0 1 0 1 1 0 1 1 1 1 1 0]",4.8260813
40,Cc1ccc([N+](=O)[O-])cc1S(=O)(=O)Nc1cccc2cccnc12,5.795880017344075,"[0 0 0 0 0 0 0 0 0 0 0 0 0 0 0 0 0 0 0 0 0 0 0 0 1 0 0 0 0 0 0 0 1 1 0 0 0
 0 0 0 0 0 0 0 0 0 0 0 0 1 0 1 0 0 0 1 1 0 1 1 1 1 0 1 1 1 0 1 0 1 1 1 0 1
 0 0 0 0 0 1 0 1 0 0 0 0 0 0 1 0 0 0 0 0 1 0 0 0 1 0 0 1 1 0 0 1 1 0 0 0 0
 0 1 0 0 0 0 1 0 1 0 1 1 0 1 1 0 0 0 0 1 0 0 1 0 1 1 1 0 0 1 0 1 0 1 1 1 0
 1 0 1 1 0 0 0 0 1 0 1 1 1 1 1 1 1 1 0]",4.866836
41,COc1cc2c(=O)oc3c(OC)c(O)cc4c(=O)oc(c1OC)c2c34,5.795880017344075,"[0 0 0 0 0 0 0 0 0 0 0 0 0 0 0 0 0 0 0 0 0 0 0 0 0 0 0 0 0 0 0 0 0 0 0 0 0
 0 0 0 0 0 0 0 0 0 0 0 0 0 0 0 0 0 0 0 0 1 0 0 0 0 0 0 0 0 0 0 0 0 0 0 1 0
 0 0 0 0 0 0 0 0 0 0 0 0 0 0 0 1 0 0 0 1 0 0 0 0 1 0 0 1 0 0 0 1 0 0 0 0 0
 0 0 1 0 0 0 0 0 0 1 0 0 1 0 1 1 1 0 0 0 0 0 0 0 0 1 1 0 1 1 1 0 1 1 1 1 0
 0 1 1 0 1 0 1 0 0 1 0 1 1 0 1 1 1 1 0]",6.701164
42,COc1ccc(/C=C/C(=O)c2ccc(N)c(-c3ccc(OC)c(OC)c3)c2)c(OC)c1,5.769551078621726,"[0 0 0 0 0 0 0 0 0 0 0 0 0 0 0 0 0 0 0 0 0 0 0 0 0 0 0 0 0 0 0 0 0 0 0 0 0
 0 0 0 0 0 0 0 0 0 0 0 0 0 0 0 0 0 0 0 0 0 0 0 0 0 1 0 0 0 0 0 0 0 0 0 1 0
 0 0 0 0 0 0 0 0 0 0 1 0 0 0 0 1 0 0 0 1 0 0 0 0 0 1 0 0 0 0 0 0 0 0 0 0 0
 0 0 1 0 0 0 0 0 0 0 0 0 0 0 1 1 1 0 0 0 0 0 1 0 1 0 0 0 0 1 1 0 1 1 1 1 0
 0 1 1 1 1 0 1 0 1 1 1 1 1 1 1 1 1 1 0]",6.1670423
43,O=S1(=O)Nc2c(ccc3cccnc23)-c2cc(F)ccc21,5.769551078621726,"[0 0 0 0 0 0 0 0 0 0 0 0 0 0 0 0 0 0 0 0 0 0 0 0 0 0 0 0 0 0 0 0 1 1 0 0 1
 0 0 0 0 0 1 0 0 0 0 0 0 0 0 1 0 0 0 1 0 0 1 1 1 1 0 0 0 1 0 1 0 1 0 0 0 1
 0 0 0 0 0 1 0 1 0 0 0 0 0 1 1 0 0 0 0 0 1 0 0 0 1 0 0 1 1 0 0 1 1 1 0 0 0
 0 1 0 0 0 0 1 0 0 1 1 0 0 1 1 0 1 0 0 1 0 0 0 1 1 1 1 0 0 0 0 1 1 1 1 0 0
 1 0 0 1 0 0 0 0 1 0 1 1 0 1 1 1 1 1 0]",6.188302
44,C=C(C)[C@H]1Cc2c(oc3c(CC=C(C)C)c(O)c(CC=C(C)C)c(O)c3c2=O)-c2c(O)cc(O)c(O)c21,5.698970004336019,"[0 0 0 0 0 0 0 0 0 0 0 0 0 0 0 0 0 0 0 0 0 0 0 0 0 0 0 0 0 0 0 0 0 0 1 0 0
 0 0 0 0 0 0 0 0 0 0 0 0 0 1 0 0 1 1 0 0 1 0 0 0 0 0 0 0 0 0 0 0 0 0 0 1 0
 1 0 1 0 0 0 0 0 0 0 0 0 0 0 0 1 1 1 0 0 0 0 0 0 1 1 0 1 0 0 0 1 0 0 0 0 0
 0 0 1 0 0 1 0 0 0 0 0 0 0 0 1 0 1 1 0 0 1 0 0 0 0 0 1 0 1 1 1 0 1 1 1 1 0
 0 1 1 0 1 0 1 1 0 1 0 1 1 0 1 1 1 1 0]",6.37021
45,Nc1ccccc1S(=O)(=O)Nc1cccc2cccnc12,5.698970004336019,"[0 0 0 0 0 0 0 0 0 0 0 0 0 0 0 0 0 0 0 0 0 0 0 0 0 0 0 0 0 0 0 0 1 1 0 0 0
 0 0 0 0 0 0 0 0 0 0 0 0 0 0 1 0 1 0 1 0 0 1 1 1 1 0 0 1 1 0 1 0 1 0 0 0 1
 0 0 0 0 0 1 1 1 0 0 1 0 0 0 1 0 0 0 0 0 1 0 0 1 1 0 0 1 1 0 0 1 1 0 0 0 0
 0 1 0 0 0 0 1 0 0 0 1 0 0 1 1 0 0 0 0 1 1 0 1 0 1 1 1 0 0 0 0 1 0 1 1 0 0
 1 0 1 1 0 0 0 0 1 0 1 1 0 1 1 1 1 1 0]",4.886589
46,COc1cc(NS(=O)(=O)c2ccc(C)cc2[N+](=O)[O-])c2ncccc2c1,5.6777807052660805,"[0 0 0 0 0 0 0 0 0 0 0 0 0 0 0 0 0 0 0 0 0 0 0 0 1 0 0 0 0 0 0 0 1 1 0 0 0
 0 0 0 0 0 0 0 0 0 0 0 0 1 0 1 0 0 0 1 1 0 1 1 1 1 0 1 1 1 0 1 0 1 1 1 0 1
 0 0 0 0 0 1 1 1 0 0 0 0 0 0 1 0 0 0 0 1 1 0 0 1 1 0 0 1 1 0 0 1 1 0 0 0 0
 0 1 1 0 0 0 1 0 1 0 1 1 0 1 1 1 1 0 0 1 0 0 1 0 1 1 1 0 0 1 0 1 1 1 1 1 0
 1 1 1 1 1 0 0 0 1 1 1 1 1 1 1 1 1 1 0]",5.2848735
47,CCCCCCCCCCCCCCCCCCS(=O)(=O)NCCCNCCCCNCCCN,5.6777807052660805,"[0 0 0 0 0 0 0 0 0 0 0 0 0 0 0 0 0 0 0 0 0 0 0 0 0 0 0 0 0 0 0 0 1 1 0 0 0
 0 0 0 0 0 0 0 0 0 0 0 0 0 0 1 0 1 0 1 0 0 1 0 1 1 0 0 0 0 0 1 0 1 0 0 0 1
 0 0 0 0 0 0 1 0 1 0 1 0 1 0 1 0 1 1 0 0 1 0 0 0 0 0 1 0 1 0 1 0 1 0 1 0 0
 1 1 0 1 1 1 1 1 0 0 0 0 0 1 0 0 0 1 1 1 1 1 0 0 0 1 0 1 0 0 0 1 0 0 0 0 1
 1 0 0 1 0 1 0 1 1 0 1 1 1 1 0 0 1 0 0]",3.184816
48,Cc1ccc(S(=O)(=O)Nc2cccc3cccnc23)c([N+](=O)[O-])c1,5.6777807052660805,"[0 0 0 0 0 0 0 0 0 0 0 0 0 0 0 0 0 0 0 0 0 0 0 0 1 0 0 0 0 0 0 0 1 1 0 0 0
 0 0 0 0 0 0 0 0 0 0 0 0 1 0 1 0 0 0 1 1 0 1 1 1 1 0 1 1 1 0 1 0 1 1 1 0 1
 0 0 0 0 0 1 1 1 0 0 0 0 0 0 1 0 0 0 0 0 1 0 0 1 1 0 0 1 1 0 0 1 1 0 0 0 0
 0 1 0 0 0 0 1 0 1 0 1 1 0 1 1 0 0 0 0 1 0 0 1 0 1 1 1 0 0 1 0 1 0 1 1 1 0
 1 0 1 1 0 0 0 0 1 0 1 1 1 1 1 1 1 1 0]",4.968999
49,CC1(C)CC[C@]2(C(=O)O)CC[C@]3(C)C(=CC[C@@H]4[C@@]5(C)CC[C@H](O)C(C)(C)[C@@H]5CC[C@]43C)[C@@H]2C1,5.619788758288394,"[0 0 0 0 0 0 0 0 0 0 0 0 0 0 0 0 0 0 0 0 0 0 0 0 0 0 1 0 0 0 0 0 0 0 0 0 0
 0 0 0 0 0 0 0 0 0 0 0 0 0 1 0 0 0 0 0 0 0 0 0 0 0 0 0 0 0 1 0 0 0 0 0 0 0
 1 0 1 0 0 0 0 0 0 0 0 0 0 0 0 0 1 1 0 0 0 0 0 0 0 1 0 1 0 0 1 1 0 0 1 0 0
 0 1 0 0 1 1 0 1 0 0 0 0 1 0 0 0 1 1 1 0 1 1 0 0 0 0 0 0 1 0 1 0 1 0 1 1 1
 0 1 1 0 1 0 1 0 0 1 0 1 1 0 0 1 1 1 0]",5.3056974
50,COc1ccc2c(c1)-c1ccc3ccc(C)nc3c1NS2(=O)=O,5.6020599913279625,"[0 0 0 0 0 0 0 0 0 0 0 0 0 0 0 0 0 0 0 0 0 0 0 0 0 0 0 0 0 0 0 0 1 1 0 0 1
 0 0 0 0 0 0 0 0 0 0 0 0 0 0 1 0 0 0 1 0 0 1 1 1 1 0 0 0 1 0 1 0 1 0 0 0 1
 0 0 0 0 0 1 0 1 0 0 0 0 0 0 1 0 0 0 0 1 1 0 0 0 1 0 0 1 1 0 0 1 1 0 0 0 0
 0 1 1 0 0 0 1 0 0 1 1 0 0 1 1 1 1 0 0 1 0 0 0 0 1 1 1 0 0 0 0 1 1 1 1 1 0
 1 1 0 1 1 0 0 0 1 1 1 1 1 1 1 1 1 1 0]",5.4140077
51,COc1cnc2c3c(ccc2c1)-c1ccccc1S(=O)(=O)N3,5.6020599913279625,"[0 0 0 0 0 0 0 0 0 0 0 0 0 0 0 0 0 0 0 0 0 0 0 0 0 0 0 0 0 0 0 0 1 1 0 0 1
 0 0 0 0 0 0 0 0 0 0 0 0 0 0 1 0 0 0 1 0 0 1 1 1 1 0 0 0 1 0 1 0 1 0 0 0 1
 0 0 0 0 0 1 0 1 0 0 0 0 0 0 1 0 0 0 0 1 1 1 0 0 1 0 0 1 1 0 0 1 1 0 0 0 0
 0 1 1 0 0 0 1 0 0 1 1 0 0 1 1 1 1 0 0 1 0 0 0 0 1 1 1 0 0 0 0 1 1 1 1 1 0
 1 0 0 1 1 0 0 0 1 1 1 1 1 1 1 1 1 1 0]",5.6805964
52,COc1ccc(/C=C/C(=O)c2ccc(NC(C)=O)c(-c3ccc(F)cc3)c2)cc1OC,5.576754126063192,"[0 0 0 0 0 0 0 0 0 0 0 0 0 0 0 0 0 0 0 0 0 0 0 0 0 0 0 0 0 0 0 0 0 0 0 0 0
 0 0 0 0 0 1 0 0 0 0 0 0 0 0 0 0 0 0 0 0 0 0 0 0 0 1 0 0 0 0 0 0 0 0 0 1 0
 0 0 0 0 0 0 0 0 0 0 0 0 0 1 0 0 0 0 1 1 0 0 0 0 0 1 0 0 0 0 0 0 0 1 0 0 1
 0 0 1 0 0 0 1 0 0 0 0 0 0 0 1 1 1 0 0 0 0 0 1 1 1 1 0 0 0 1 1 0 1 1 1 1 0
 0 1 1 1 1 0 1 0 1 1 1 1 1 1 1 1 1 1 0]",5.449091
53,Cc1ccc2cccc(NS(=O)(=O)c3ccccc3N)c2n1,5.552841968657781,"[0 0 0 0 0 0 0 0 0 0 0 0 0 0 0 0 0 0 0 0 0 0 0 0 0 0 0 0 0 0 0 0 1 1 0 0 0
 0 0 0 0 0 0 0 0 0 0 0 0 0 0 1 0 1 0 1 0 0 1 1 1 1 0 0 1 1 0 1 0 1 0 0 0 1
 0 0 0 0 0 1 1 1 0 0 1 0 0 0 1 0 0 0 0 0 1 0 0 1 1 0 0 1 1 0 0 1 1 0 0 0 0
 0 1 0 0 0 0 1 0 0 0 1 0 0 1 1 0 0 0 0 1 1 0 1 0 1 1 1 0 0 0 0 1 0 1 1 0 0
 1 0 1 1 0 0 0 0 1 0 1 1 1 1 1 1 1 1 0]",4.964495
54,CC(C)=CCc1c(O)c(CC=C(C)C)c2oc3ccc(O)cc3c(=O)c2c1O,5.537602002101044,"[0 0 0 0 0 0 0 0 0 0 0 0 0 0 0 0 0 0 0 0 0 0 0 0 0 0 0 0 0 0 0 0 0 0 0 0 0
 0 0 0 0 0 0 0 0 0 0 0 0 0 1 0 0 1 0 0 0 1 0 0 0 0 0 0 0 0 0 0 0 0 0 0 0 0
 1 0 1 0 0 0 0 0 0 0 0 0 0 0 0 1 1 0 0 0 0 0 0 0 1 1 0 1 0 0 0 1 0 0 0 0 0
 0 0 1 0 0 1 0 0 0 0 0 0 0 0 1 0 1 1 0 0 1 0 0 0 0 0 1 0 1 1 1 0 1 1 1 1 0
 0 1 1 0 1 0 1 1 0 1 0 1 1 0 1 1 1 1 0]",5.7015014
55,Cc1ccc(S(=O)(=O)/C=C/C#N)cc1,5.522878745280337,"[0 0 0 0 0 0 0 0 0 0 0 0 0 0 0 0 0 0 0 0 0 0 0 0 0 0 0 0 0 0 0 0 0 0 0 0 0
 0 0 0 0 1 0 0 0 0 0 0 0 0 0 1 0 0 0 1 0 0 1 1 1 1 0 0 1 0 0 1 0 0 0 0 0 1
 0 0 0 0 0 0 0 1 0 0 0 0 0 0 1 0 0 0 0 0 0 0 0 0 0 1 0 0 1 0 0 0 0 0 0 0 0
 0 1 0 0 0 0 0 0 0 0 0 0 0 1 0 0 0 0 0 1 0 0 0 0 0 1 0 0 0 0 0 0 0 0 0 0 0
 1 0 0 0 0 0 0 0 0 0 0 1 1 1 1 1 1 1 0]",3.4149685
56,COc1ccc(OC)c(/C=C/C(=O)c2ccc(N)c(-c3ccc(OC)c(OC)c3)c2)c1,5.496209316942819,"[0 0 0 0 0 0 0 0 0 0 0 0 0 0 0 0 0 0 0 0 0 0 0 0 0 0 0 0 0 0 0 0 0 0 0 0 0
 0 0 0 0 0 0 0 0 0 0 0 0 0 0 0 0 0 0 0 0 0 0 0 0 0 1 0 0 0 0 0 0 0 0 0 1 0
 0 0 0 0 0 0 0 0 0 0 1 0 0 0 0 0 0 0 0 1 0 0 0 0 0 1 0 0 0 0 0 0 0 0 0 0 0
 0 0 1 0 0 0 0 0 0 0 0 0 0 0 1 1 1 0 0 0 0 0 1 0 1 0 0 0 0 1 1 0 1 1 1 1 0
 0 1 1 1 1 0 1 0 1 1 1 1 1 1 1 1 1 1 0]",6.0329394
57,O=[N+]([O-])c1ccccc1S(=O)(=O)Nc1cccc2cccnc12,5.494850021680094,"[0 0 0 0 0 0 0 0 0 0 0 0 0 0 0 0 0 0 0 0 0 0 0 0 1 0 0 0 0 0 0 0 1 1 0 0 0
 0 0 0 0 0 0 0 0 0 0 0 0 1 0 1 0 0 0 1 1 0 1 1 1 1 0 1 1 1 0 1 0 1 1 1 0 1
 0 0 0 0 0 1 1 1 0 0 0 0 0 0 1 0 0 0 0 0 1 0 0 1 1 0 0 1 1 0 0 1 1 0 0 0 0
 0 1 0 0 0 0 1 0 1 0 1 1 0 1 1 0 0 0 0 1 0 0 1 0 1 1 1 0 0 1 0 1 0 1 1 1 0
 1 0 1 1 0 0 0 0 1 0 1 1 0 1 1 1 1 1 0]",4.9658833
58,COc1c(O)cc2oc3cc(O)c(CC=C(C)C)c(O)c3c(=O)c2c1CCC(C)(C)O,5.494850021680094,"[0 0 0 0 0 0 0 0 0 0 0 0 0 0 0 0 0 0 0 0 0 0 0 0 0 0 0 0 0 0 0 0 0 0 0 0 0
 0 0 0 0 0 0 0 0 0 0 0 0 0 1 0 0 1 0 0 0 1 0 0 0 0 0 0 0 0 1 0 0 0 0 0 1 0
 1 0 1 0 0 0 0 0 0 0 0 0 0 0 0 1 1 1 0 1 0 0 0 0 1 1 0 1 0 0 1 1 0 0 1 0 0
 0 1 1 0 1 1 0 1 0 0 0 0 0 0 1 1 1 0 0 0 1 1 0 0 0 0 1 0 1 1 1 0 1 1 1 1 1
 0 1 1 0 1 0 1 1 0 1 0 1 1 0 1 1 1 1 0]",6.1294365
59,O=S(=O)(Nc1cccc2cccnc12)c1cccs1,5.443697499232712,"[0 0 0 0 0 0 0 0 0 0 0 0 0 0 0 0 0 0 0 0 0 0 0 0 0 0 0 0 0 0 0 0 1 1 0 0 1
 0 0 0 0 0 0 0 0 0 0 0 0 0 0 1 0 0 0 1 0 0 1 1 1 1 0 0 1 1 0 1 0 1 0 0 0 1
 0 0 0 0 0 1 0 1 0 1 0 0 0 0 1 0 0 0 0 0 1 0 1 0 1 0 0 1 1 0 0 1 1 0 0 0 0
 0 1 0 0 0 0 1 0 0 1 1 0 0 1 1 0 0 0 0 1 0 0 1 0 1 1 1 0 0 0 0 1 0 0 1 0 0
 1 0 0 1 0 0 0 0 1 0 1 1 0 1 1 1 1 1 0]",6.1859026
60,C=C(C)[C@H]1Cc2c(oc3c4c(cc(O)c3c2=O)OC(C)(C)C=C4)-c2c(O)cc(O)c(O)c21,5.431798275933005,"[0 0 0 0 0 0 0 0 0 0 0 0 0 0 0 0 0 0 0 0 0 0 0 0 0 0 0 0 0 0 0 0 0 0 1 0 0
 0 0 0 0 0 0 0 0 0 0 0 0 0 1 0 0 1 1 0 0 1 0 0 0 0 0 0 0 0 1 0 0 0 0 0 1 0
 1 0 1 0 0 0 0 0 0 0 0 0 0 0 0 1 0 1 0 0 0 0 0 0 1 1 0 1 0 0 0 1 0 0 0 0 0
 0 1 1 0 0 1 0 0 0 1 0 0 0 0 1 0 1 0 0 0 1 0 0 0 0 0 1 0 1 1 1 0 1 1 1 1 0
 0 1 1 0 1 0 1 0 0 1 0 1 1 0 1 1 1 1 0]",6.5869794
61,O=[N+]([O-])c1cc(C(F)(F)F)ccc1S(=O)(=O)Nc1cccc2cccnc12,5.431798275933005,"[0 0 0 0 0 0 0 0 0 0 0 0 0 0 0 0 0 0 0 0 0 0 0 0 1 0 0 0 0 0 0 0 1 1 0 0 0
 0 0 0 0 0 1 0 0 0 0 0 0 1 0 1 0 0 0 1 1 0 1 1 1 1 0 1 1 1 0 1 0 1 1 1 0 1
 0 0 0 0 0 1 1 1 0 0 0 0 0 0 1 0 0 0 0 0 1 0 0 1 1 0 0 1 1 0 0 1 1 1 0 0 0
 0 1 0 0 0 0 1 0 1 0 1 1 0 1 1 0 0 0 0 1 0 0 1 1 1 1 1 0 0 1 0 1 0 1 1 1 0
 1 0 1 1 0 0 0 0 1 0 1 1 0 1 1 1 1 1 0]",5.3483577
62,Cc1ccc2cccc(NS(=O)(=O)c3ccccc3[N+](=O)[O-])c2n1,5.420216403,"[0 0 0 0 0 0 0 0 0 0 0 0 0 0 0 0 0 0 0 0 0 0 0 0 1 0 0 0 0 0 0 0 1 1 0 0 0
 0 0 0 0 0 0 0 0 0 0 0 0 1 0 1 0 0 0 1 1 0 1 1 1 1 0 1 1 1 0 1 0 1 1 1 0 1
 0 0 0 0 0 1 1 1 0 0 0 0 0 0 1 0 0 0 0 0 1 0 0 1 1 0 0 1 1 0 0 1 1 0 0 0 0
 0 1 0 0 0 0 1 0 1 0 1 1 0 1 1 0 0 0 0 1 0 0 1 0 1 1 1 0 0 1 0 1 0 1 1 1 0
 1 0 1 1 0 0 0 0 1 0 1 1 1 1 1 1 1 1 0]",4.968999
63,C[C@H]1O[C@@H](O[C@H]2CC[C@]3(C)[C@H]4CC[C@]5(C)[C@@H](C6=CC(=O)OC6)CC[C@]5(O)[C@@H]4CC[C@]3(O)C2)C[C@H](O)[C@@H]1O[C@@H]1O[C@H](CO)[C@@H](O)[C@H](O)[C@H]1O,5.366531544420413,"[0 0 0 0 0 0 0 0 0 0 0 0 0 0 0 0 0 0 0 0 0 0 0 0 0 0 0 0 0 0 0 0 0 0 0 0 0
 0 0 0 0 0 0 0 0 0 0 0 0 0 1 0 0 1 1 0 0 1 0 0 0 0 1 0 0 0 1 0 0 0 0 0 1 0
 0 0 1 0 0 0 0 0 1 1 0 0 0 0 0 1 1 1 0 0 0 0 1 0 1 1 0 1 0 0 1 1 0 0 1 1 0
 0 1 0 0 1 1 0 1 0 1 0 0 1 0 0 1 1 1 1 0 1 1 0 0 0 0 1 1 1 1 1 0 1 0 1 1 1
 0 1 1 0 1 1 1 1 0 1 0 1 1 0 0 1 1 1 0]",5.6757617
64,C=C(C)[C@@H]1CC[C@]2(C(=O)O)CC[C@]3(C)[C@H](CC[C@@H]4[C@@]5(C)C[C@@H](O)[C@H](OC(=O)/C=C/c6ccc(O)cc6)C(C)(C)[C@@H]5CC[C@]43C)[C@@H]12,5.327902142064282,"[0 0 0 0 0 0 0 0 0 0 0 0 0 0 0 0 0 0 0 0 0 0 0 0 0 0 0 0 0 0 0 0 0 0 1 0 0
 0 0 0 0 0 0 0 0 0 0 0 0 0 1 0 0 0 0 0 0 0 0 0 0 0 0 0 0 0 1 0 0 0 0 0 1 0
 1 0 1 0 0 0 0 0 0 0 0 0 0 0 0 0 1 1 0 0 0 0 1 0 0 1 0 1 0 0 1 1 0 0 1 0 0
 0 1 1 0 1 1 0 1 0 0 0 0 1 0 0 1 1 1 1 0 1 1 0 0 0 1 0 0 1 1 1 0 1 0 1 1 1
 0 1 1 0 1 0 1 0 0 1 0 1 1 0 1 1 1 1 0]",6.1747365
65,C=C(C)[C@@H]1CC[C@]2(C(=O)O)CC[C@]3(C)[C@H](CC[C@@H]4[C@@]5(C)CC[C@H](OC(=O)/C=C/c6ccc(O)c(OC)c6)C(C)(C)[C@@H]5CC[C@]43C)[C@@H]12,5.267606240177031,"[0 0 0 0 0 0 0 0 0 0 0 0 0 0 0 0 0 0 0 0 0 0 0 0 0 0 0 0 0 0 0 0 0 0 1 0 0
 0 0 0 0 0 0 0 0 0 0 0 0 0 1 0 0 0 0 0 0 0 0 0 0 0 0 0 0 0 1 0 0 0 0 0 1 0
 1 0 1 0 0 0 0 0 0 0 0 0 0 0 0 0 1 1 0 1 0 0 1 0 0 1 0 1 0 0 0 1 0 0 1 0 0
 0 1 1 0 1 1 0 1 0 0 0 0 1 0 0 1 1 1 1 0 1 1 0 0 0 1 0 0 1 1 1 0 1 1 1 1 1
 0 1 1 0 1 0 1 0 0 1 0 1 1 0 1 1 1 1 0]",6.0636854
66,COc1ccc(-c2cc(C(=O)/C=C/c3cc(OC)c(OC)c(OC)c3)ccc2N)cc1OC,5.2644011,"[0 0 0 0 0 0 0 0 0 0 0 0 0 0 0 0 0 0 0 0 0 0 0 0 0 0 0 0 0 0 0 0 0 0 0 0 0
 0 0 0 0 0 0 0 0 0 0 0 0 0 0 0 0 0 0 0 0 0 0 0 0 0 1 0 0 0 0 0 0 0 0 0 1 0
 0 0 0 0 0 0 0 0 0 0 1 0 0 0 0 1 0 0 0 1 0 0 0 0 0 1 0 0 0 0 0 0 0 0 0 0 0
 0 0 1 0 0 0 0 0 0 0 0 0 0 0 1 1 1 0 0 0 0 0 1 0 1 0 0 0 0 1 1 0 1 1 1 1 0
 0 1 1 1 1 0 1 0 1 1 1 1 1 1 1 1 1 1 0]",6.1670423
67,COc1cc(/C=C/C(=O)c2ccc(N)c(-c3ccc(F)cc3)c2)ccc1O,5.165579296318468,"[0 0 0 0 0 0 0 0 0 0 0 0 0 0 0 0 0 0 0 0 0 0 0 0 0 0 0 0 0 0 0 0 0 0 0 0 0
 0 0 0 0 0 1 0 0 0 0 0 0 0 0 0 0 0 0 0 0 0 0 0 0 0 1 0 0 0 0 0 0 0 0 0 1 0
 0 0 0 0 0 0 0 0 0 0 1 0 0 1 0 0 0 0 0 1 0 0 0 0 0 1 0 0 0 0 0 0 0 1 0 0 0
 0 0 1 0 0 0 0 0 0 0 0 0 0 0 1 1 1 0 0 0 1 0 1 1 1 0 0 0 1 0 0 0 1 1 1 1 0
 0 0 1 1 1 0 1 0 1 1 1 1 1 1 1 1 1 1 0]",7.158886
68,COc1ccc(/C=C/C(=O)c2ccc(N)c(-c3ccc(F)cc3)c2)c(OC)c1,5.097453220686009,"[0 0 0 0 0 0 0 0 0 0 0 0 0 0 0 0 0 0 0 0 0 0 0 0 0 0 0 0 0 0 0 0 0 0 0 0 0
 0 0 0 0 0 1 0 0 0 0 0 0 0 0 0 0 0 0 0 0 0 0 0 0 0 1 0 0 0 0 0 0 0 0 0 0 0
 0 0 0 0 0 0 0 0 0 0 1 0 0 1 0 1 0 0 0 1 0 0 0 0 0 1 0 0 0 0 0 0 0 1 0 0 0
 0 0 1 0 0 0 0 0 0 0 0 0 0 0 1 1 1 0 0 0 0 0 1 1 1 0 0 0 0 0 0 0 1 1 1 1 0
 0 1 1 1 1 0 1 0 1 1 1 1 1 1 1 1 1 1 0]",6.068409
69,C=C(C)[C@@H]1CC[C@]2(C(=O)O)CC[C@]3(C)[C@H](CC[C@@H]4[C@@]5(C)C[C@@H](O)[C@H](O)C(C)(C)[C@@H]5CC[C@]43C)[C@@H]12,5.060480747381382,"[0 0 0 0 0 0 0 0 0 0 0 0 0 0 0 0 0 0 0 0 0 0 0 0 0 0 0 0 0 0 0 0 0 0 1 0 0
 0 0 0 0 0 0 0 0 0 0 0 0 0 1 0 0 0 1 0 0 0 0 0 0 0 0 0 0 0 1 0 0 0 0 0 1 0
 1 0 1 0 0 0 0 0 0 0 0 0 0 0 0 0 1 1 0 0 0 0 1 0 0 1 0 1 0 0 1 1 0 0 1 0 0
 0 1 0 0 1 1 0 1 0 0 0 0 1 0 0 0 1 1 1 0 1 1 0 0 0 0 0 0 1 1 1 0 1 0 1 1 1
 0 1 1 0 1 0 1 0 0 1 0 1 1 0 0 1 1 1 0]",6.131213
70,C=C(C)[C@@H]1CC[C@]2(CO)CC[C@]3(C)[C@H](CC[C@@H]4[C@@]5(C)CC[C@H](O)C(C)(C)[C@@H]5CC[C@]43C)[C@@H]12,5.055517327849831,"[0 0 0 0 0 0 0 0 0 0 0 0 0 0 0 0 0 0 0 0 0 0 0 0 0 0 0 0 0 0 0 0 0 0 1 0 0
 0 0 0 0 0 0 0 0 0 0 0 0 0 1 0 0 0 0 0 0 0 0 0 0 0 0 0 0 0 1 0 0 0 0 0 0 0
 1 0 1 0 0 0 0 0 1 0 0 0 0 0 0 0 1 1 0 0 0 0 1 0 0 1 0 1 0 0 1 1 0 0 1 1 0
 0 1 0 0 1 1 0 1 0 0 0 0 0 0 0 0 1 1 1 0 1 1 0 0 0 0 0 0 1 0 1 0 1 0 1 0 1
 0 1 1 0 1 1 0 1 0 1 0 1 1 0 0 1 1 1 0]",5.3721967
71,COc1ccc(/C=C/C(=O)c2cccc(-c3cccc(F)c3)c2)cc1O,5.018181392829336,"[0 0 0 0 0 0 0 0 0 0 0 0 0 0 0 0 0 0 0 0 0 0 0 0 0 0 0 0 0 0 0 0 0 0 0 0 0
 0 0 0 0 0 1 0 0 0 0 0 0 0 0 0 0 0 0 0 0 0 0 0 0 0 1 0 0 0 0 0 0 0 0 0 1 0
 0 0 0 0 0 0 0 0 0 0 0 0 0 1 0 0 0 0 0 1 0 0 0 0 0 1 0 0 0 0 0 0 0 1 0 0 0
 0 0 1 0 0 0 0 0 0 0 0 0 0 0 1 1 1 0 0 0 0 0 0 1 0 0 0 0 1 0 0 0 1 1 1 1 0
 0 0 1 0 1 0 1 0 0 1 0 1 1 0 1 1 1 1 0]",6.60992
72,Cc1ccc2ccc3c(c2n1)NS(=O)(=O)c1ccc(O)cc1-3,5.0,"[0 0 0 0 0 0 0 0 0 0 0 0 0 0 0 0 0 0 0 0 0 0 0 0 0 0 0 0 0 0 0 0 1 1 0 0 1
 0 0 0 0 0 0 0 0 0 0 0 0 0 0 1 0 0 0 1 0 0 1 1 1 1 0 0 0 1 0 1 0 1 0 0 0 1
 0 0 0 0 0 1 0 1 0 0 0 0 0 0 1 0 0 0 0 0 1 0 0 0 1 0 0 1 1 0 0 1 1 0 0 0 0
 0 1 1 0 0 0 1 0 0 1 1 0 0 1 1 0 1 0 0 1 1 0 0 0 1 1 1 0 1 0 0 1 1 1 1 1 0
 1 0 0 1 1 0 0 0 1 1 1 1 1 1 1 1 1 1 0]",5.215436
73,COc1ccc(OC)c(/C=C/C(=O)c2ccc(N)c(-c3ccc(F)cc3)c2)c1,4.987584625237567,"[0 0 0 0 0 0 0 0 0 0 0 0 0 0 0 0 0 0 0 0 0 0 0 0 0 0 0 0 0 0 0 0 0 0 0 0 0
 0 0 0 0 0 1 0 0 0 0 0 0 0 0 0 0 0 0 0 0 0 0 0 0 0 1 0 0 0 0 0 0 0 0 0 0 0
 0 0 0 0 0 0 0 0 0 0 1 0 0 1 0 0 0 0 0 1 0 0 0 0 0 1 0 0 0 0 0 0 0 1 0 0 0
 0 0 1 0 0 0 0 0 0 0 0 0 0 0 1 1 1 0 0 0 0 0 1 1 1 0 0 0 0 0 0 0 1 1 1 1 0
 0 1 1 1 1 0 1 0 1 1 1 1 1 1 1 1 1 1 0]",6.013388
74,O=C(/C=C/c1cccc(Br)c1)c1cccc(-c2cccc(F)c2)c1,4.9503943874050265,"[0 0 0 0 0 0 0 0 0 0 0 0 0 0 0 0 0 0 0 0 0 0 0 0 0 0 0 0 0 0 0 0 0 0 0 0 0
 0 0 0 0 0 1 0 0 0 1 0 0 0 0 0 0 0 0 0 0 0 0 0 0 0 1 0 0 0 0 0 0 0 0 0 0 0
 0 0 0 0 0 0 0 0 0 0 0 0 0 1 0 0 0 0 0 0 0 0 0 0 0 1 0 0 0 0 0 0 0 1 0 0 0
 0 0 0 0 0 0 0 0 0 0 0 0 0 0 1 0 0 0 0 0 0 0 0 1 0 0 0 0 0 0 0 0 0 0 1 0 0
 0 0 0 0 1 0 1 0 0 0 0 0 0 0 1 1 1 1 0]",5.004401
75,CC(C)=CCc1c(O)c(CC=C(C)C)c2oc3c(O)cccc3c(=O)c2c1O,4.946921557,"[0 0 0 0 0 0 0 0 0 0 0 0 0 0 0 0 0 0 0 0 0 0 0 0 0 0 0 0 0 0 0 0 0 0 0 0 0
 0 0 0 0 0 0 0 0 0 0 0 0 0 1 0 0 1 0 0 0 1 0 0 0 0 0 0 0 0 0 0 0 0 0 0 1 0
 1 0 1 0 0 0 0 0 0 0 0 0 0 0 0 1 1 0 0 0 0 0 0 0 1 1 0 1 0 0 0 1 0 0 0 0 0
 0 0 1 0 0 1 0 0 0 0 0 0 0 0 1 0 1 1 0 0 1 0 0 0 0 0 1 0 1 1 1 0 1 1 1 1 0
 0 1 1 0 1 0 1 1 0 1 0 1 1 0 1 1 1 1 0]",5.6714525
76,COc1cc(O)c2c(c1)/C=C/C[C@H](O)[C@H](O)C(=O)/C=C/C[C@H](C)OC2=O,4.939302159646388,"[0 0 0 0 0 0 0 0 0 0 0 0 0 0 0 0 0 0 0 0 0 0 0 0 0 0 0 0 0 0 0 0 0 0 0 0 0
 0 0 0 0 0 0 0 0 0 0 0 0 0 0 0 0 0 1 0 0 1 0 0 0 0 0 0 0 0 0 0 0 0 0 0 1 0
 0 0 0 0 0 0 0 0 0 0 0 0 0 0 0 1 1 0 0 1 0 0 0 0 0 1 0 1 0 0 1 1 0 0 0 0 0
 0 0 1 0 1 0 0 0 0 0 0 0 1 0 0 1 1 0 0 0 1 1 0 0 0 1 1 0 1 1 0 0 1 1 0 1 0
 0 1 1 0 1 0 1 0 0 1 0 1 1 0 1 1 1 1 0]",6.6190925
77,COc1cc(/C=C/C(=O)c2ccc(N)c(-c3ccc(F)cc3)c2)cc(OC)c1OC,4.934793871945688,"[0 0 0 0 0 0 0 0 0 0 0 0 0 0 0 0 0 0 0 0 0 0 0 0 0 0 0 0 0 0 0 0 0 0 0 0 0
 0 0 0 0 0 1 0 0 0 0 0 0 0 0 0 0 0 0 0 0 0 0 0 0 0 1 0 0 0 0 0 0 0 0 0 1 0
 0 0 0 0 0 0 0 0 0 0 1 0 0 1 0 1 0 0 0 1 0 0 0 0 0 1 0 0 0 0 0 0 0 1 0 0 0
 0 0 1 0 0 0 0 0 0 0 0 0 0 0 1 1 1 0 0 0 0 0 1 1 1 0 0 0 0 1 1 0 1 1 1 1 0
 0 1 1 1 1 0 1 0 1 1 1 1 1 1 1 1 1 1 0]",6.136808
78,COc1ccc(-c2cc(C(=O)/C=C/c3cccc(OC)c3OC)ccc2N)cc1OC,4.924453038607469,"[0 0 0 0 0 0 0 0 0 0 0 0 0 0 0 0 0 0 0 0 0 0 0 0 0 0 0 0 0 0 0 0 0 0 0 0 0
 0 0 0 0 0 0 0 0 0 0 0 0 0 0 0 0 0 0 0 0 0 0 0 0 0 1 0 0 0 0 0 0 0 0 0 1 0
 0 0 0 0 0 0 0 0 0 0 1 0 0 0 0 0 0 0 0 1 0 0 0 0 0 1 0 0 0 0 0 0 0 0 0 0 0
 0 0 1 0 0 0 0 0 0 0 0 0 0 0 1 1 1 0 0 0 0 0 1 0 1 0 0 0 0 1 1 0 1 1 1 1 0
 0 1 1 1 1 0 1 0 1 1 1 1 1 1 1 1 1 1 0]",6.0329394
79,COc1cc2oc3cc(O)c(OC)c(CC=C(C)C)c3c(=O)c2c(O)c1CC=C(C)C,4.91721463,"[0 0 0 0 0 0 0 0 0 0 0 0 0 0 0 0 0 0 0 0 0 0 0 0 0 0 0 0 0 0 0 0 0 0 0 0 0
 0 0 0 0 0 0 0 0 0 0 0 0 0 1 0 0 0 0 0 0 1 0 0 0 0 0 0 0 0 0 0 0 0 0 0 1 0
 1 0 1 0 0 0 0 0 0 0 0 0 0 0 0 1 1 1 0 1 0 0 0 0 1 1 0 1 0 0 0 1 0 0 1 0 0
 0 0 1 0 0 1 0 0 0 0 0 0 0 0 1 1 1 0 0 0 1 0 0 0 0 0 1 0 1 1 1 0 1 1 1 1 0
 0 1 1 0 1 0 1 1 0 1 0 1 1 0 1 1 1 1 0]",5.385329
80,O=C(/C=C/c1cccc(-c2ccc(F)cc2)c1)c1ccc(O)cc1,4.906228219,"[0 0 0 0 0 0 0 0 0 0 0 0 0 0 0 0 0 0 0 0 0 0 0 0 0 0 0 0 0 0 0 0 0 0 0 0 0
 0 0 0 0 0 1 0 0 0 0 0 0 0 0 0 0 0 0 0 0 0 0 0 0 0 1 0 0 0 0 0 0 0 0 0 0 0
 0 0 0 0 0 0 0 0 0 0 0 0 0 1 0 0 0 0 0 0 0 0 0 0 0 1 0 0 0 0 0 0 0 1 0 0 0
 0 0 1 0 0 0 0 0 0 0 0 0 0 0 1 0 1 0 0 0 0 0 0 1 0 0 0 0 1 0 0 0 1 0 1 0 0
 0 0 0 0 1 0 1 0 0 1 0 1 0 0 1 1 1 1 0]",6.2588067
81,COc1cc(/C=C/C(=O)c2cccc(-c3cccc(F)c3)c2)ccc1O,4.890421453095613,"[0 0 0 0 0 0 0 0 0 0 0 0 0 0 0 0 0 0 0 0 0 0 0 0 0 0 0 0 0 0 0 0 0 0 0 0 0
 0 0 0 0 0 1 0 0 0 0 0 0 0 0 0 0 0 0 0 0 0 0 0 0 0 1 0 0 0 0 0 0 0 0 0 1 0
 0 0 0 0 0 0 0 0 0 0 0 0 0 1 0 0 0 0 0 1 0 0 0 0 0 1 0 0 0 0 0 0 0 1 0 0 0
 0 0 1 0 0 0 0 0 0 0 0 0 0 0 1 1 1 0 0 0 0 0 0 1 0 0 0 0 1 0 0 0 1 1 1 1 0
 0 0 1 0 1 0 1 0 0 1 0 1 1 0 1 1 1 1 0]",6.60992
82,O=C(/C=C/c1ccccc1Br)c1cccc(-c2cccc(F)c2)c1,4.864867348623225,"[0 0 0 0 0 0 0 0 0 0 0 0 0 0 0 0 0 0 0 0 0 0 0 0 0 0 0 0 0 0 0 0 0 0 0 0 0
 0 0 0 0 0 1 0 0 0 1 0 0 0 0 0 0 0 0 0 0 0 0 0 0 0 1 0 0 0 0 0 0 0 0 0 0 0
 0 0 0 0 0 0 0 0 0 0 0 0 0 1 0 0 0 0 0 0 0 0 0 0 0 1 0 0 0 0 0 0 0 1 0 0 0
 0 0 0 0 0 0 0 0 0 0 0 0 0 0 1 0 0 0 0 0 0 0 0 1 0 0 0 0 0 0 0 0 0 1 1 0 0
 0 0 1 0 1 0 1 0 0 0 0 0 0 0 1 1 1 1 0]",5.062672
83,COc1cccc(/C=C/C(=O)c2ccc(N)c(-c3ccc(F)cc3)c2)c1OC,4.8598063214213685,"[0 0 0 0 0 0 0 0 0 0 0 0 0 0 0 0 0 0 0 0 0 0 0 0 0 0 0 0 0 0 0 0 0 0 0 0 0
 0 0 0 0 0 1 0 0 0 0 0 0 0 0 0 0 0 0 0 0 0 0 0 0 0 1 0 0 0 0 0 0 0 0 0 1 0
 0 0 0 0 0 0 0 0 0 0 1 0 0 1 0 0 0 0 0 1 0 0 0 0 0 1 0 0 0 0 0 0 0 1 0 0 0
 0 0 1 0 0 0 0 0 0 0 0 0 0 0 1 1 1 0 0 0 0 0 1 1 1 0 0 0 0 0 0 0 1 1 1 1 0
 0 1 1 1 1 0 1 0 1 1 1 1 1 1 1 1 1 1 0]",5.943874
84,COc1c(O)cc2oc3cc(O)c(CC=C(C)C)c(O)c3c(=O)c2c1CC=C(C)C,4.798602875679548,"[0 0 0 0 0 0 0 0 0 0 0 0 0 0 0 0 0 0 0 0 0 0 0 0 0 0 0 0 0 0 0 0 0 0 0 0 0
 0 0 0 0 0 0 0 0 0 0 0 0 0 1 0 0 1 0 0 0 1 0 0 0 0 0 0 0 0 0 0 0 0 0 0 1 0
 1 0 1 0 0 0 0 0 0 0 0 0 0 0 0 1 1 1 0 1 0 0 0 0 1 1 0 1 0 0 0 1 0 0 1 0 0
 0 0 1 0 0 1 0 0 0 0 0 0 0 0 1 1 1 0 0 0 1 0 0 0 0 0 1 0 1 1 1 0 1 1 1 1 0
 0 1 1 0 1 0 1 1 0 1 0 1 1 0 1 1 1 1 0]",5.294803
85,CC(C)=CCc1c(O)c(CC=C(C)C)c2oc3c(O)ccc(O)c3c(=O)c2c1O,4.721246399047171,"[0 0 0 0 0 0 0 0 0 0 0 0 0 0 0 0 0 0 0 0 0 0 0 0 0 0 0 0 0 0 0 0 0 0 0 0 0
 0 0 0 0 0 0 0 0 0 0 0 0 0 1 0 0 1 0 0 0 1 0 0 0 0 0 0 0 0 0 0 0 0 0 0 1 0
 1 0 1 0 0 0 0 0 0 0 0 0 0 0 0 1 1 0 0 0 0 0 0 0 1 1 0 1 0 0 0 1 0 0 0 0 0
 0 0 1 0 0 1 0 0 0 0 0 0 0 0 1 0 1 1 0 0 1 0 0 0 0 0 1 0 1 1 1 0 1 1 1 1 0
 0 1 1 0 1 0 1 1 0 1 0 1 1 0 1 1 1 1 0]",5.6714525
86,O=C1C[C@@H](c2ccc(O)c(O[C@@H]3O[C@H](CO)[C@@H](O)[C@H](O)[C@H]3O)c2)Oc2c1c(O)c([C@H](CCc1ccc(O[C@@H]3O[C@H](CO)[C@@H](O)[C@H](O)[C@H]3O)cc1)c1ccc(O[C@@H]3O[C@H](CO)[C@@H](O)[C@H](O)[C@H]3O)cc1O[C@@H]1O[C@H](CO)[C@@H](O)[C@H](O)[C@H]1O)c(O)c2[C@@H](CCc1ccc(O[C@@H]2O[C@H](CO)[C@@H](O)[C@H](O)[C@H]2O)cc1)c1ccc(O[C@@H]2O[C@H](CO)[C@@H](O)[C@H](O)[C@H]2O)cc1O[C@@H]1O[C@H](CO)[C@@H](O)[C@H](O)[C@H]1O,4.714442690992226,"[0 0 0 0 0 0 0 0 0 0 0 0 0 0 0 0 0 0 0 0 0 0 0 0 0 0 0 0 0 0 0 0 0 0 0 0 0
 0 0 0 0 0 0 0 0 0 0 0 0 0 0 0 0 1 1 0 0 1 0 0 0 0 1 0 0 0 0 0 0 0 0 0 1 0
 0 0 0 0 0 0 0 0 1 0 0 0 0 0 0 1 1 1 0 0 0 0 0 0 1 0 0 1 0 0 0 1 0 0 0 1 0
 0 0 1 0 0 0 0 1 0 1 0 0 1 0 1 1 1 0 0 0 1 1 0 0 0 0 1 1 1 1 0 0 1 1 1 1 1
 0 0 1 0 1 1 1 1 0 1 0 1 0 0 1 1 1 1 0]",6.686253
87,Oc1ccc(/C=C/c2cc(O)cc(O)c2)cc1,4.698970004336019,"[0 0 0 0 0 0 0 0 0 0 0 0 0 0 0 0 0 0 0 0 0 0 0 0 0 0 0 0 0 0 0 0 0 0 0 0 0
 0 0 0 0 0 0 0 0 0 0 0 0 0 0 0 0 1 0 0 0 0 0 0 0 0 0 0 0 0 0 0 0 0 0 0 0 0
 0 0 0 0 0 0 0 0 0 0 0 0 0 0 0 1 0 0 0 0 0 0 0 0 0 1 0 0 0 0 0 0 0 0 0 0 0
 0 0 1 0 0 0 0 0 0 0 0 0 0 0 1 0 1 0 0 0 1 0 0 0 0 0 0 0 1 0 0 0 1 0 1 1 0
 0 0 0 0 1 0 0 0 0 1 0 1 0 0 1 1 1 1 0]",6.0448422
88,COc1ccc(-c2cc(C(=O)/C=C/c3ccc(F)cc3)ccc2N)cc1OC,4.6724367398127225,"[0 0 0 0 0 0 0 0 0 0 0 0 0 0 0 0 0 0 0 0 0 0 0 0 0 0 0 0 0 0 0 0 0 0 0 0 0
 0 0 0 0 0 1 0 0 0 0 0 0 0 0 0 0 0 0 0 0 0 0 0 0 0 1 0 0 0 0 0 0 0 0 0 1 0
 0 0 0 0 0 0 0 0 0 0 1 0 0 1 0 0 0 0 0 1 0 0 0 0 0 1 0 0 0 0 0 0 0 1 0 0 0
 0 0 1 0 0 0 0 0 0 0 0 0 0 0 1 1 1 0 0 0 0 0 1 1 1 0 0 0 0 0 0 0 1 1 1 1 0
 0 1 1 1 1 0 1 0 1 1 1 1 1 1 1 1 1 1 0]",5.943874
89,COc1cccc(/C=C/C(=O)c2cccc(-c3cccc(F)c3)c2)c1OC,4.618884919290149,"[0 0 0 0 0 0 0 0 0 0 0 0 0 0 0 0 0 0 0 0 0 0 0 0 0 0 0 0 0 0 0 0 0 0 0 0 0
 0 0 0 0 0 1 0 0 0 0 0 0 0 0 0 0 0 0 0 0 0 0 0 0 0 1 0 0 0 0 0 0 0 0 0 1 0
 0 0 0 0 0 0 0 0 0 0 0 0 0 1 0 0 0 0 0 1 0 0 0 0 0 1 0 0 0 0 0 0 0 1 0 0 0
 0 0 1 0 0 0 0 0 0 0 0 0 0 0 1 1 1 0 0 0 0 0 0 1 0 0 0 0 0 0 0 0 1 1 1 1 0
 0 1 1 0 1 0 1 0 0 1 0 1 1 0 1 1 1 1 0]",5.607516
90,O=C(/C=C/c1ccc(Cl)cc1)c1cccc(-c2cccc(F)c2)c1,4.612788199686269,"[0 0 0 0 0 0 0 0 0 0 0 0 0 0 0 0 0 0 0 0 0 0 0 0 0 0 0 0 0 0 0 0 0 0 0 0 0
 0 0 0 0 0 1 0 0 0 0 0 0 0 0 0 0 0 0 0 0 0 0 0 0 0 1 0 0 0 0 0 0 0 0 0 0 0
 0 0 0 0 0 0 0 0 0 0 0 0 0 1 0 0 0 0 0 0 0 0 0 0 0 1 0 0 0 1 0 0 0 1 0 0 0
 0 0 0 0 0 0 0 0 0 0 0 0 0 0 1 0 0 0 0 0 0 0 0 1 0 0 0 0 0 0 0 0 0 0 1 0 0
 0 0 0 0 1 0 1 0 0 0 0 0 0 0 1 1 1 1 0]",4.850195
91,COc1ccc(/C=C/C(=O)c2cccc(-c3cccc(F)c3)c2)cc1OC,4.475733731233022,"[0 0 0 0 0 0 0 0 0 0 0 0 0 0 0 0 0 0 0 0 0 0 0 0 0 0 0 0 0 0 0 0 0 0 0 0 0
 0 0 0 0 0 1 0 0 0 0 0 0 0 0 0 0 0 0 0 0 0 0 0 0 0 1 0 0 0 0 0 0 0 0 0 1 0
 0 0 0 0 0 0 0 0 0 0 0 0 0 1 0 0 0 0 0 1 0 0 0 0 0 1 0 0 0 0 0 0 0 1 0 0 0
 0 0 1 0 0 0 0 0 0 0 0 0 0 0 1 1 1 0 0 0 0 0 0 1 0 0 0 0 0 0 0 0 1 1 1 1 0
 0 1 1 0 1 0 1 0 0 1 0 1 1 0 1 1 1 1 0]",5.607516
92,COc1ccccc1/C=C/C(=O)c1cccc(-c2cccc(F)c2)c1,4.452471423540218,"[0 0 0 0 0 0 0 0 0 0 0 0 0 0 0 0 0 0 0 0 0 0 0 0 0 0 0 0 0 0 0 0 0 0 0 0 0
 0 0 0 0 0 1 0 0 0 0 0 0 0 0 0 0 0 0 0 0 0 0 0 0 0 1 0 0 0 0 0 0 0 0 0 0 0
 0 0 0 0 0 0 0 0 0 0 0 0 0 1 0 0 0 0 0 1 0 0 0 0 0 1 0 0 0 0 0 0 0 1 0 0 0
 0 0 1 0 0 0 0 0 0 0 0 0 0 0 1 1 1 0 0 0 0 0 0 1 0 0 0 0 0 0 0 0 1 1 1 0 0
 0 0 1 0 1 0 1 0 0 1 0 1 1 0 1 1 1 1 0]",6.0542197
